vertex_row,dx,dy,dz,dnx,dny,dnz,wing_partition_weight,skin_node_indices,skin_node_names,skin_weights
1,0.09197286,-0.13110352,0.028232574,0.004052311,-0.011137158,-0.0040664673,0.040000010281801224,"[46, 33, 39]","[""cockatoo_Scapula_bone_03"", ""cockatoo_Femur_R_bone_076"", ""cockatoo_Humerus_r_bone_070""]","[0.7599999904632568, 0.20000000298023224, 0.040000010281801224]"
47,-11.239387,4.482727,7.794792,-0.45015797,-0.42618316,-0.46315444,1.0,"[37, 38]","[""cockatoo_Metacarpus_r_bone_072"", ""cockatoo_Ulna_r_bone_071""]","[0.949999988079071, 0.050000011920928955]"
48,-10.696277,5.1709747,4.200859,-0.012530804,0.04151699,0.034063056,1.0,"[37, 38]","[""cockatoo_Metacarpus_r_bone_072"", ""cockatoo_Ulna_r_bone_071""]","[0.949999988079071, 0.050000011920928955]"
49,-10.37469,5.549465,4.1984825,-0.010909736,-0.21068773,0.12124613,1.0,"[37, 38]","[""cockatoo_Metacarpus_r_bone_072"", ""cockatoo_Ulna_r_bone_071""]","[0.949999988079071, 0.050000011920928955]"
50,-11.55375,5.229767,6.8147697,0.047323465,0.53673434,-0.038875133,1.0,"[37, 38]","[""cockatoo_Metacarpus_r_bone_072"", ""cockatoo_Ulna_r_bone_071""]","[0.949999988079071, 0.050000011920928955]"
51,2.6576872,-1.080658,-1.3865337,0.03913484,-0.5014453,-0.79624814,0.45544254779815674,"[46, 39, 38, 37]","[""cockatoo_Scapula_bone_03"", ""cockatoo_Humerus_r_bone_070"", ""cockatoo_Ulna_r_bone_071"", ""cockatoo_Metacarpus_r_bone_072""]","[0.5445574522018433, 0.20439119637012482, 0.1757359653711319, 0.07531538605690002]"
52,0.021285057,1.8414955,-0.48868942,-0.1365101,-0.23824507,-1.0513378,0.4912244975566864,"[46, 39, 37, 38]","[""cockatoo_Scapula_bone_03"", ""cockatoo_Humerus_r_bone_070"", ""cockatoo_Metacarpus_r_bone_072"", ""cockatoo_Ulna_r_bone_071""]","[0.508775532245636, 0.2425556182861328, 0.14148400723934174, 0.10718486458063126]"
53,0.021285057,1.8414955,-0.48868942,-0.13661283,-0.23836839,-1.0514175,0.4912244975566864,"[46, 39, 37, 38]","[""cockatoo_Scapula_bone_03"", ""cockatoo_Humerus_r_bone_070"", ""cockatoo_Metacarpus_r_bone_072"", ""cockatoo_Ulna_r_bone_071""]","[0.508775532245636, 0.2425556182861328, 0.14148400723934174, 0.10718486458063126]"
54,1.4555659,-0.06522751,0.09289551,-0.14349443,-0.02983576,-0.012095496,0.3611665964126587,"[46, 39, 37, 38]","[""cockatoo_Scapula_bone_03"", ""cockatoo_Humerus_r_bone_070"", ""cockatoo_Metacarpus_r_bone_072"", ""cockatoo_Ulna_r_bone_071""]","[0.6388334631919861, 0.32346147298812866, 0.02450832538306713, 0.013196797110140324]"
55,2.6576872,-1.080658,-1.3865337,0.039151426,-0.5014628,-0.7962587,0.45544254779815674,"[46, 39, 38, 37]","[""cockatoo_Scapula_bone_03"", ""cockatoo_Humerus_r_bone_070"", ""cockatoo_Ulna_r_bone_071"", ""cockatoo_Metacarpus_r_bone_072""]","[0.5445574522018433, 0.20439119637012482, 0.1757359653711319, 0.07531538605690002]"
64,2.1036024,-1.0206871,-0.56321144,0.36646557,-0.41125637,-0.1297937,0.37965190410614014,"[46, 39, 38, 37]","[""cockatoo_Scapula_bone_03"", ""cockatoo_Humerus_r_bone_070"", ""cockatoo_Ulna_r_bone_071"", ""cockatoo_Metacarpus_r_bone_072""]","[0.6203480958938599, 0.19550909101963043, 0.12889999151229858, 0.05524284020066261]"
102,-0.5093944,0.7861748,3.2591476,-0.34762028,-0.5281233,-0.708439,0.5999999642372131,"[39, 46, 37]","[""cockatoo_Humerus_r_bone_070"", ""cockatoo_Scapula_bone_03"", ""cockatoo_Metacarpus_r_bone_072""]","[0.5399999618530273, 0.40000003576278687, 0.060000013560056686]"
103,-10.093664,5.0476837,8.5424385,-0.11156857,0.5336017,0.14037052,1.0,"[37, 38]","[""cockatoo_Metacarpus_r_bone_072"", ""cockatoo_Ulna_r_bone_071""]","[0.949999988079071, 0.050000011920928955]"
104,-9.945766,4.2779083,8.605541,-0.2347017,0.57421297,0.40337408,1.0,"[37, 38]","[""cockatoo_Metacarpus_r_bone_072"", ""cockatoo_Ulna_r_bone_071""]","[0.949999988079071, 0.050000011920928955]"
105,-9.541119,3.6665115,8.621933,-0.31639224,0.5357335,0.26539993,1.0,"[37, 38]","[""cockatoo_Metacarpus_r_bone_072"", ""cockatoo_Ulna_r_bone_071""]","[0.949999988079071, 0.050000011920928955]"
106,-10.123547,4.6915817,8.19413,-0.16695905,0.5479844,0.06029981,1.0,"[37, 38]","[""cockatoo_Metacarpus_r_bone_072"", ""cockatoo_Ulna_r_bone_071""]","[0.949999988079071, 0.050000011920928955]"
323,1.5694513,0.57061386,0.5844593,0.27735576,0.106774986,-0.18558303,0.3871959447860718,"[46, 39, 37, 38]","[""cockatoo_Scapula_bone_03"", ""cockatoo_Humerus_r_bone_070"", ""cockatoo_Metacarpus_r_bone_072"", ""cockatoo_Ulna_r_bone_071""]","[0.6128039956092834, 0.285573273897171, 0.06605473905801773, 0.03556794300675392]"
324,3.096198,1.4020424,-0.06727791,0.698421,0.20207065,0.5611464,0.5340137481689453,"[46, 39, 38, 37]","[""cockatoo_Scapula_bone_03"", ""cockatoo_Humerus_r_bone_070"", ""cockatoo_Ulna_r_bone_071"", ""cockatoo_Metacarpus_r_bone_072""]","[0.4659862816333771, 0.32877710461616516, 0.11288011074066162, 0.09235650300979614]"
325,4.168467,2.9641342,0.28185272,-0.12614559,0.13315463,0.4897523,0.6389638185501099,"[39, 46, 38, 37]","[""cockatoo_Humerus_r_bone_070"", ""cockatoo_Scapula_bone_03"", ""cockatoo_Ulna_r_bone_071"", ""cockatoo_Metacarpus_r_bone_072""]","[0.3994339406490326, 0.3610362410545349, 0.13174141943454742, 0.10778841376304626]"
326,3.2820945,2.3329659,0.5552635,-0.049196452,0.21688813,0.3941052,0.5982304811477661,"[39, 46, 38, 37]","[""cockatoo_Humerus_r_bone_070"", ""cockatoo_Scapula_bone_03"", ""cockatoo_Ulna_r_bone_071"", ""cockatoo_Metacarpus_r_bone_072""]","[0.40813329815864563, 0.40176963806152344, 0.10455343127250671, 0.08554372936487198]"
327,-10.3838005,3.6120186,8.607021,-0.22442293,0.43414792,-0.008074462,1.0,[37],"[""cockatoo_Metacarpus_r_bone_072""]",[1.0]
328,-11.71838,3.7428665,17.164719,-0.117343366,0.25559142,-0.16650006,1.0,"[37, 38]","[""cockatoo_Metacarpus_r_bone_072"", ""cockatoo_Ulna_r_bone_071""]","[0.8500000238418579, 0.1499999612569809]"
329,-10.989603,4.3627357,13.681007,-0.13293517,0.27647632,-0.17862782,0.9999998807907104,"[37, 38, 39]","[""cockatoo_Metacarpus_r_bone_072"", ""cockatoo_Ulna_r_bone_071"", ""cockatoo_Humerus_r_bone_070""]","[0.7916666865348816, 0.12499989569187164, 0.0833333358168602]"
330,-1.1056709,5.8779945,-1.6984787,-0.32149702,0.67808926,-0.04990065,1.0,"[37, 39, 38]","[""cockatoo_Metacarpus_r_bone_072"", ""cockatoo_Humerus_r_bone_070"", ""cockatoo_Ulna_r_bone_071""]","[0.5047425627708435, 0.4092116951942444, 0.08604578673839569]"
331,-12.760807,9.96484,19.464775,-0.39465296,0.4413023,0.047070846,1.0,"[37, 38, 39]","[""cockatoo_Metacarpus_r_bone_072"", ""cockatoo_Ulna_r_bone_071"", ""cockatoo_Humerus_r_bone_070""]","[0.6749999523162842, 0.22499999403953552, 0.10000000149011612]"
332,-11.3547535,4.2712708,19.520927,-0.24665678,0.28082004,0.18243748,1.0,"[37, 38]","[""cockatoo_Metacarpus_r_bone_072"", ""cockatoo_Ulna_r_bone_071""]","[0.7999943494796753, 0.2000056505203247]"
333,-5.434786,4.478485,1.0940094,-0.3652435,0.61121064,0.035353288,1.0,"[37, 39]","[""cockatoo_Metacarpus_r_bone_072"", ""cockatoo_Humerus_r_bone_070""]","[0.7998001575469971, 0.20019982755184174]"
334,4.0745974,-1.5675049,-1.0610409,0.19399716,-0.10444933,0.23461282,0.33380743861198425,"[46, 39, 83, 37]","[""cockatoo_Scapula_bone_03"", ""cockatoo_Humerus_r_bone_070"", ""cockatoo_Ilium_bone_02"", ""cockatoo_Metacarpus_r_bone_072""]","[0.6519310474395752, 0.3195459246635437, 0.014261515811085701, 0.014261515811085701]"
335,6.5436983,-1.1935806,-2.2637596,0.23053199,0.4680183,0.3481811,0.42397329211235046,"[46, 39]","[""cockatoo_Scapula_bone_03"", ""cockatoo_Humerus_r_bone_070""]","[0.5760267376899719, 0.42397329211235046]"
336,2.9803267,0.062316895,-0.43453217,0.049335957,0.0024328828,0.3133693,0.3668716549873352,"[46, 39, 83, 37]","[""cockatoo_Scapula_bone_03"", ""cockatoo_Humerus_r_bone_070"", ""cockatoo_Ilium_bone_02"", ""cockatoo_Metacarpus_r_bone_072""]","[0.5648751854896545, 0.29861849546432495, 0.06825316697359085, 0.06825316697359085]"
337,3.370182,-0.92149353,-0.9947281,0.16189753,0.02044949,0.0064091682,0.37558650970458984,"[46, 39, 37, 38]","[""cockatoo_Scapula_bone_03"", ""cockatoo_Humerus_r_bone_070"", ""cockatoo_Metacarpus_r_bone_072"", ""cockatoo_Ulna_r_bone_071""]","[0.6244135499000549, 0.20327089726924896, 0.08615779876708984, 0.08615779876708984]"
338,4.87593,2.5600243,0.52918243,-0.08745319,-0.020626724,-0.45386392,0.46102002263069153,"[46, 39, 37, 38]","[""cockatoo_Scapula_bone_03"", ""cockatoo_Humerus_r_bone_070"", ""cockatoo_Metacarpus_r_bone_072"", ""cockatoo_Ulna_r_bone_071""]","[0.5389800667762756, 0.3151291310787201, 0.07294544577598572, 0.07294544577598572]"
339,6.776476,-0.013412476,-0.21395493,-0.31850556,-0.50742483,-0.33348238,0.43627607822418213,"[46, 39, 83, 37]","[""cockatoo_Scapula_bone_03"", ""cockatoo_Humerus_r_bone_070"", ""cockatoo_Ilium_bone_02"", ""cockatoo_Metacarpus_r_bone_072""]","[0.5517553091049194, 0.42430755496025085, 0.011968526989221573, 0.011968526989221573]"
340,2.7702656,-0.7961273,-0.11498451,-0.25172386,-0.04607624,0.12515879,0.2862679362297058,"[46, 39, 83, 37]","[""cockatoo_Scapula_bone_03"", ""cockatoo_Humerus_r_bone_070"", ""cockatoo_Ilium_bone_02"", ""cockatoo_Metacarpus_r_bone_072""]","[0.6847177743911743, 0.25725358724594116, 0.029014337807893753, 0.029014337807893753]"
341,4.165552,1.6842194,-0.100271225,-0.42697504,-0.60526305,-0.2835335,0.42635634541511536,"[46, 39, 37, 38]","[""cockatoo_Scapula_bone_03"", ""cockatoo_Humerus_r_bone_070"", ""cockatoo_Metacarpus_r_bone_072"", ""cockatoo_Ulna_r_bone_071""]","[0.573643684387207, 0.23024967312812805, 0.09805334359407425, 0.09805334359407425]"
342,-4.316868,8.644474,4.182335,0.258978,-0.4989874,0.08073695,1.0,"[37, 38, 39]","[""cockatoo_Metacarpus_r_bone_072"", ""cockatoo_Ulna_r_bone_071"", ""cockatoo_Humerus_r_bone_070""]","[0.6749999523162842, 0.22499999403953552, 0.10000000149011612]"
343,-4.543274,8.984325,3.6710434,0.33978707,-0.8165706,-0.27388147,1.0,"[37, 38, 39]","[""cockatoo_Metacarpus_r_bone_072"", ""cockatoo_Ulna_r_bone_071"", ""cockatoo_Humerus_r_bone_070""]","[0.6749999523162842, 0.22500000894069672, 0.10000001639127731]"
344,12.54373,-0.64136124,-16.897163,0.6493822,-0.83018905,0.06940293,1.0,"[39, 37, 38]","[""cockatoo_Humerus_r_bone_070"", ""cockatoo_Metacarpus_r_bone_072"", ""cockatoo_Ulna_r_bone_071""]","[0.6507557034492493, 0.2343721240758896, 0.11487219482660294]"
345,12.274078,-0.7231293,-17.342346,0.3633873,-0.7288345,0.15239024,1.0,"[39, 37, 38]","[""cockatoo_Humerus_r_bone_070"", ""cockatoo_Metacarpus_r_bone_072"", ""cockatoo_Ulna_r_bone_071""]","[0.6551510095596313, 0.23434415459632874, 0.1105048805475235]"
346,22.131021,-5.279728,-15.94104,0.38629103,-1.1273029,0.51060265,0.9896277189254761,"[39, 46]","[""cockatoo_Humerus_r_bone_070"", ""cockatoo_Scapula_bone_03""]","[0.9896277189254761, 0.010372288525104523]"
347,21.772812,-5.1359787,-15.960506,0.00933969,-1.0630014,0.46229437,0.9873476028442383,"[39, 46]","[""cockatoo_Humerus_r_bone_070"", ""cockatoo_Scapula_bone_03""]","[0.9873476028442383, 0.01265241950750351]"
348,21.359547,-4.442116,-18.090229,0.09555882,-0.95281315,0.54754996,0.9888505935668945,"[39, 38, 37, 83]","[""cockatoo_Humerus_r_bone_070"", ""cockatoo_Ulna_r_bone_071"", ""cockatoo_Metacarpus_r_bone_072"", ""cockatoo_Ilium_bone_02""]","[0.9637330770492554, 0.013678723946213722, 0.011438816785812378, 0.011149383150041103]"
349,7.5150146,0.23295212,-6.9449234,0.21907473,0.52826446,-0.70889485,1.0,"[39, 37, 38]","[""cockatoo_Humerus_r_bone_070"", ""cockatoo_Metacarpus_r_bone_072"", ""cockatoo_Ulna_r_bone_071""]","[0.6511240601539612, 0.23553913831710815, 0.11333680897951126]"
350,-8.260483,8.296917,14.911873,-0.30134475,0.4703496,-0.23425423,1.0,"[37, 38, 39]","[""cockatoo_Metacarpus_r_bone_072"", ""cockatoo_Ulna_r_bone_071"", ""cockatoo_Humerus_r_bone_070""]","[0.6749999523162842, 0.22499999403953552, 0.10000000894069672]"
351,-7.7919884,8.177219,15.259529,-0.2561285,0.7896665,-0.042289793,1.0,"[37, 38, 39]","[""cockatoo_Metacarpus_r_bone_072"", ""cockatoo_Ulna_r_bone_071"", ""cockatoo_Humerus_r_bone_070""]","[0.675000011920929, 0.22500000894069672, 0.10000000149011612]"
352,15.335568,-2.2442322,-3.2881851,0.26431394,-0.17016773,-0.06886196,0.5974188446998596,"[39, 46]","[""cockatoo_Humerus_r_bone_070"", ""cockatoo_Scapula_bone_03""]","[0.5974188446998596, 0.402581125497818]"
353,18.696411,-2.5867805,-3.030136,0.43457443,0.012879714,-0.3245911,0.698865532875061,"[39, 46]","[""cockatoo_Humerus_r_bone_070"", ""cockatoo_Scapula_bone_03""]","[0.698865532875061, 0.30113446712493896]"
354,18.495113,-2.456646,-2.920292,0.30003956,0.2712287,-0.34217578,0.6992000937461853,"[39, 46]","[""cockatoo_Humerus_r_bone_070"", ""cockatoo_Scapula_bone_03""]","[0.6992000937461853, 0.3007998764514923]"
355,15.22597,-2.117157,-3.3195038,0.25735456,0.15670371,-0.24215895,0.5966739654541016,"[39, 46]","[""cockatoo_Humerus_r_bone_070"", ""cockatoo_Scapula_bone_03""]","[0.5966739654541016, 0.4033260643482208]"
356,-11.644743,10.063545,17.00695,0.34609014,0.64400554,0.054243714,1.0,"[37, 38, 39]","[""cockatoo_Metacarpus_r_bone_072"", ""cockatoo_Ulna_r_bone_071"", ""cockatoo_Humerus_r_bone_070""]","[0.6749999523162842, 0.22499999403953552, 0.10000000149011612]"
357,-8.688671,8.117428,14.646446,0.88813764,-0.037921876,-0.5314735,1.0,"[37, 38, 39]","[""cockatoo_Metacarpus_r_bone_072"", ""cockatoo_Ulna_r_bone_071"", ""cockatoo_Humerus_r_bone_070""]","[0.6749999523162842, 0.22500000894069672, 0.10000000894069672]"
358,-8.520153,9.464481,6.139145,0.098249435,-0.29284725,-0.16284649,1.0,"[37, 38, 39]","[""cockatoo_Metacarpus_r_bone_072"", ""cockatoo_Ulna_r_bone_071"", ""cockatoo_Humerus_r_bone_070""]","[0.6749999523162842, 0.22499999403953552, 0.10000000149011612]"
359,-10.696277,5.1709747,4.200859,-0.041495085,0.09712298,0.099807814,1.0,"[37, 38]","[""cockatoo_Metacarpus_r_bone_072"", ""cockatoo_Ulna_r_bone_071""]","[0.949999988079071, 0.050000011920928955]"
360,-11.239387,4.482727,7.794792,0.029733002,-0.059386015,-0.29092205,1.0,"[37, 38]","[""cockatoo_Metacarpus_r_bone_072"", ""cockatoo_Ulna_r_bone_071""]","[0.949999988079071, 0.050000011920928955]"
361,-11.078728,5.062355,11.931328,0.0296731,-0.17208108,-0.32991195,1.0,"[37, 38]","[""cockatoo_Metacarpus_r_bone_072"", ""cockatoo_Ulna_r_bone_071""]","[0.7999951839447021, 0.20000478625297546]"
362,-10.569208,5.1937637,10.321754,0.2152074,-0.26300296,-0.1617426,1.0,"[37, 38]","[""cockatoo_Metacarpus_r_bone_072"", ""cockatoo_Ulna_r_bone_071""]","[0.7999886870384216, 0.20001134276390076]"
363,2.1036024,-1.0206871,-0.56321144,0.34126166,-0.3971557,-0.05095768,0.37965190410614014,"[46, 39, 38, 37]","[""cockatoo_Scapula_bone_03"", ""cockatoo_Humerus_r_bone_070"", ""cockatoo_Ulna_r_bone_071"", ""cockatoo_Metacarpus_r_bone_072""]","[0.6203480958938599, 0.19550909101963043, 0.12889999151229858, 0.05524284020066261]"
364,2.6576872,-1.080658,-1.3865337,0.23354979,-0.79375243,0.30634516,0.45544254779815674,"[46, 39, 38, 37]","[""cockatoo_Scapula_bone_03"", ""cockatoo_Humerus_r_bone_070"", ""cockatoo_Ulna_r_bone_071"", ""cockatoo_Metacarpus_r_bone_072""]","[0.5445574522018433, 0.20439119637012482, 0.1757359653711319, 0.07531538605690002]"
365,1.233098,-0.12407303,0.23843002,-0.19401708,-0.18224272,-0.0393371,0.24554067850112915,"[46, 39, 37, 38]","[""cockatoo_Scapula_bone_03"", ""cockatoo_Humerus_r_bone_070"", ""cockatoo_Metacarpus_r_bone_072"", ""cockatoo_Ulna_r_bone_071""]","[0.7544593811035156, 0.13245752453804016, 0.056541573256254196, 0.056541573256254196]"
366,0.6972017,-0.61105347,0.1485939,0.0053914785,-0.016322672,-0.0051746964,0.19344308972358704,"[46, 39, 43, 37]","[""cockatoo_Scapula_bone_03"", ""cockatoo_Humerus_r_bone_070"", ""cockatoo_Head_bone_06"", ""cockatoo_Metacarpus_r_bone_072""]","[0.7528857588768005, 0.13977190852165222, 0.05367118492722511, 0.05367118492722511]"
367,-5.420498,4.5311813,-2.800087,0.32107306,-0.49558714,0.053315327,1.0000001192092896,"[37, 39, 38]","[""cockatoo_Metacarpus_r_bone_072"", ""cockatoo_Humerus_r_bone_070"", ""cockatoo_Ulna_r_bone_071""]","[0.7599302530288696, 0.20013198256492615, 0.039937812834978104]"
368,-9.9761915,4.6248207,3.9745026,0.10067576,-0.25377864,0.061663836,1.0,"[37, 38]","[""cockatoo_Metacarpus_r_bone_072"", ""cockatoo_Ulna_r_bone_071""]","[0.949999988079071, 0.050000011920928955]"
369,-10.828804,10.034561,17.394478,-0.31420386,0.49559456,-0.1843342,1.0,"[37, 38, 39]","[""cockatoo_Metacarpus_r_bone_072"", ""cockatoo_Ulna_r_bone_071"", ""cockatoo_Humerus_r_bone_070""]","[0.675000011920929, 0.2250000387430191, 0.10000001639127731]"
370,5.955099,0.87846375,-8.255363,-0.16270769,0.8746383,-0.19813131,1.0,"[39, 37]","[""cockatoo_Humerus_r_bone_070"", ""cockatoo_Metacarpus_r_bone_072""]","[0.543049693107605, 0.456950306892395]"
371,7.3753242,0.32889938,-7.088196,-0.03601253,0.65129143,-0.467542,1.0,"[39, 37, 38]","[""cockatoo_Humerus_r_bone_070"", ""cockatoo_Metacarpus_r_bone_072"", ""cockatoo_Ulna_r_bone_071""]","[0.653601348400116, 0.23671621084213257, 0.10968242585659027]"
372,12.908431,-1.6215363,-3.6616688,0.25282305,0.18197262,-0.27593005,0.575855553150177,"[39, 46]","[""cockatoo_Humerus_r_bone_070"", ""cockatoo_Scapula_bone_03""]","[0.575855553150177, 0.424144446849823]"
373,11.132564,-2.4853058,-3.390976,0.032067835,0.538985,0.25873476,0.4855686128139496,"[46, 39]","[""cockatoo_Scapula_bone_03"", ""cockatoo_Humerus_r_bone_070""]","[0.514431357383728, 0.4855686128139496]"
374,12.789728,-1.7821655,-0.3868065,0.050150156,-0.026643753,-0.12352134,0.5609204769134521,"[39, 46]","[""cockatoo_Humerus_r_bone_070"", ""cockatoo_Scapula_bone_03""]","[0.5609204769134521, 0.4390795826911926]"
375,17.896074,-4.4016266,-3.2289925,-0.2154367,-0.22639191,0.35174415,0.6492816209793091,"[39, 46]","[""cockatoo_Humerus_r_bone_070"", ""cockatoo_Scapula_bone_03""]","[0.6492816209793091, 0.3507183790206909]"
376,15.75944,-3.9548416,-2.0282974,-0.11703801,-0.13658541,0.32621357,0.5962820053100586,"[39, 46]","[""cockatoo_Humerus_r_bone_070"", ""cockatoo_Scapula_bone_03""]","[0.5962820053100586, 0.403717964887619]"
377,9.669408,-1.8318481,-1.1616688,0.056679428,-0.1228714,0.13928601,0.4401323199272156,"[46, 39, 50, 37]","[""cockatoo_Scapula_bone_03"", ""cockatoo_Humerus_r_bone_070"", ""cockatoo_FeatherTail_r_2_bone_0108"", ""cockatoo_Metacarpus_r_bone_072""]","[0.5456900596618652, 0.4259546101093292, 0.014177707023918629, 0.014177707023918629]"
378,1.0953426,-0.7667656,0.083004,0.057895318,0.14270225,0.083305895,0.22968047857284546,"[46, 39, 37, 38]","[""cockatoo_Scapula_bone_03"", ""cockatoo_Humerus_r_bone_070"", ""cockatoo_Metacarpus_r_bone_072"", ""cockatoo_Ulna_r_bone_071""]","[0.7703195214271545, 0.12390172481536865, 0.052889384329319, 0.052889384329319]"
381,7.662018,-0.2594719,-7.367302,0.7473943,0.28752542,0.06269258,1.0,"[39, 37, 38]","[""cockatoo_Humerus_r_bone_070"", ""cockatoo_Metacarpus_r_bone_072"", ""cockatoo_Ulna_r_bone_071""]","[0.6522799134254456, 0.23711203038692474, 0.11060801893472672]"
382,21.651514,-4.4261856,-17.951656,0.0016524941,-0.607682,0.803733,0.988152265548706,"[39, 38, 37, 83]","[""cockatoo_Humerus_r_bone_070"", ""cockatoo_Ulna_r_bone_071"", ""cockatoo_Metacarpus_r_bone_072"", ""cockatoo_Ilium_bone_02""]","[0.9605424404144287, 0.015213069505989552, 0.012396748177707195, 0.01184778567403555]"
383,19.327374,-2.9629784,-14.627327,1.5530031,-0.4448231,0.66345537,1.0,"[39, 38]","[""cockatoo_Humerus_r_bone_070"", ""cockatoo_Ulna_r_bone_071""]","[0.9837916493415833, 0.016208380460739136]"
384,20.121855,-3.5335274,-13.867004,1.5073335,-0.50338626,0.55605054,1.0,[39],"[""cockatoo_Humerus_r_bone_070""]",[1.0]
385,-8.116188,9.207413,6.314926,0.29201245,-0.45838812,-0.09161955,1.0,"[37, 38, 39]","[""cockatoo_Metacarpus_r_bone_072"", ""cockatoo_Ulna_r_bone_071"", ""cockatoo_Humerus_r_bone_070""]","[0.6749999523162842, 0.22499999403953552, 0.10000000149011612]"
386,7.662018,-0.2594719,-7.367302,0.32301512,0.34118497,-0.27403188,1.0,"[39, 37, 38]","[""cockatoo_Humerus_r_bone_070"", ""cockatoo_Metacarpus_r_bone_072"", ""cockatoo_Ulna_r_bone_071""]","[0.6522799134254456, 0.23711203038692474, 0.11060801893472672]"
387,-8.688671,8.117428,14.646446,-0.9369062,0.026691094,-0.91867554,1.0,"[37, 38, 39]","[""cockatoo_Metacarpus_r_bone_072"", ""cockatoo_Ulna_r_bone_071"", ""cockatoo_Humerus_r_bone_070""]","[0.6749999523162842, 0.22500000894069672, 0.10000000894069672]"
388,2.1128526,-1.5228348,-0.5577183,0.5768945,0.037297606,0.19360735,0.3711162507534027,"[46, 39, 38, 37]","[""cockatoo_Scapula_bone_03"", ""cockatoo_Humerus_r_bone_070"", ""cockatoo_Ulna_r_bone_071"", ""cockatoo_Metacarpus_r_bone_072""]","[0.6288837790489197, 0.1671680063009262, 0.1631585955619812, 0.04078962281346321]"
389,2.1036024,-1.0206871,-0.56321144,0.35372922,-0.411667,-0.10319871,0.37965190410614014,"[46, 39, 38, 37]","[""cockatoo_Scapula_bone_03"", ""cockatoo_Humerus_r_bone_070"", ""cockatoo_Ulna_r_bone_071"", ""cockatoo_Metacarpus_r_bone_072""]","[0.6203480958938599, 0.19550909101963043, 0.12889999151229858, 0.05524284020066261]"
390,0.6972017,-0.61105347,0.1485939,0.02031961,0.04478693,0.11568561,0.19344308972358704,"[46, 39, 43, 37]","[""cockatoo_Scapula_bone_03"", ""cockatoo_Humerus_r_bone_070"", ""cockatoo_Head_bone_06"", ""cockatoo_Metacarpus_r_bone_072""]","[0.7528857588768005, 0.13977190852165222, 0.05367118492722511, 0.05367118492722511]"
391,1.071917,-0.83686066,0.22821045,0.20417854,0.045469582,0.07363844,0.2655404210090637,"[46, 39, 38]","[""cockatoo_Scapula_bone_03"", ""cockatoo_Humerus_r_bone_070"", ""cockatoo_Ulna_r_bone_071""]","[0.7344595789909363, 0.18954044580459595, 0.07599998265504837]"
392,-9.800518,4.877445,10.376595,-0.19208741,0.31959748,-0.19268394,1.0,"[37, 39, 38]","[""cockatoo_Metacarpus_r_bone_072"", ""cockatoo_Humerus_r_bone_070"", ""cockatoo_Ulna_r_bone_071""]","[0.7363636493682861, 0.16363638639450073, 0.09999999403953552]"
393,-8.360925,2.7245445,8.51416,-0.3425305,0.44665745,-0.02993989,1.0,[37],"[""cockatoo_Metacarpus_r_bone_072""]",[1.0]
394,-9.483124,3.036148,8.595379,-0.24561131,0.4321674,-0.040942162,1.0,[37],"[""cockatoo_Metacarpus_r_bone_072""]",[1.0]
395,-10.219411,4.939991,4.210594,0.0674966,-0.70393175,0.0009185672,1.0,"[37, 38]","[""cockatoo_Metacarpus_r_bone_072"", ""cockatoo_Ulna_r_bone_071""]","[0.949999988079071, 0.050000011920928955]"
396,-9.9761915,4.6248207,3.9745026,0.19262362,-0.60589224,-0.057908952,1.0,"[37, 38]","[""cockatoo_Metacarpus_r_bone_072"", ""cockatoo_Ulna_r_bone_071""]","[0.949999988079071, 0.050000011920928955]"
397,-8.499064,2.864441,4.8992577,0.24204117,-0.5379347,0.19851536,1.0,[37],"[""cockatoo_Metacarpus_r_bone_072""]",[1.0]
398,-9.587615,3.6232338,5.0454216,0.1450234,-0.42709106,0.18367761,1.0,[37],"[""cockatoo_Metacarpus_r_bone_072""]",[1.0]
399,-7.499836,5.359829,7.3895035,0.09100616,0.18788436,-0.17608744,1.0,"[37, 39, 38]","[""cockatoo_Metacarpus_r_bone_072"", ""cockatoo_Humerus_r_bone_070"", ""cockatoo_Ulna_r_bone_071""]","[0.45000001788139343, 0.42307689785957336, 0.1269230842590332]"
400,-9.171752,5.512703,8.396614,-0.053459346,0.119205475,-0.085855305,1.0,"[37, 39, 38]","[""cockatoo_Metacarpus_r_bone_072"", ""cockatoo_Humerus_r_bone_070"", ""cockatoo_Ulna_r_bone_071""]","[0.5000000596046448, 0.38461530208587646, 0.11538461595773697]"
401,1.7455988,-0.49837112,3.1532707,-0.1487649,0.17493427,-0.20843193,0.8945497870445251,"[39, 46, 37, 38]","[""cockatoo_Humerus_r_bone_070"", ""cockatoo_Scapula_bone_03"", ""cockatoo_Metacarpus_r_bone_072"", ""cockatoo_Ulna_r_bone_071""]","[0.857038676738739, 0.10545019805431366, 0.024382224306464195, 0.01312889065593481]"
402,2.833528,3.6190987,0.141716,-0.019312471,-0.018188655,0.10859467,0.6384734511375427,"[39, 46, 37, 38]","[""cockatoo_Humerus_r_bone_070"", ""cockatoo_Scapula_bone_03"", ""cockatoo_Metacarpus_r_bone_072"", ""cockatoo_Ulna_r_bone_071""]","[0.40306487679481506, 0.36152660846710205, 0.11817290633916855, 0.11723566055297852]"
403,3.6794667,3.8963852,0.45116425,-0.14100005,-0.010265708,0.13373327,0.6690099239349365,"[39, 46, 37, 38]","[""cockatoo_Humerus_r_bone_070"", ""cockatoo_Scapula_bone_03"", ""cockatoo_Metacarpus_r_bone_072"", ""cockatoo_Ulna_r_bone_071""]","[0.42547616362571716, 0.3309900462627411, 0.1233435720205307, 0.12019020318984985]"
404,-3.5687046,5.377987,4.959442,0.08020976,0.31215444,-0.27307993,1.0,"[39, 37, 38]","[""cockatoo_Humerus_r_bone_070"", ""cockatoo_Metacarpus_r_bone_072"", ""cockatoo_Ulna_r_bone_071""]","[0.5, 0.3499999940395355, 0.15000000596046448]"
501,0.08874819,-0.1250534,-0.0581398,-2.4020672e-05,-0.014085799,0.0036420226,0.040000010281801224,"[46, 17, 36]","[""cockatoo_Scapula_bone_03"", ""cockatoo_Femur_l_bone_092"", ""cockatoo_Humerus_l_bone_073""]","[0.7599999904632568, 0.20000000298023224, 0.040000010281801224]"
540,-11.47768,4.149544,-7.223072,-0.55878335,-0.43934757,0.544789,1.0,"[34, 35]","[""cockatoo_Metacarpus_l_bone_075"", ""cockatoo_Ulna_l_bone_074""]","[0.949999988079071, 0.050000011920928955]"
541,-11.657818,5.0347977,-4.775791,-0.072465,0.5659518,0.08907768,1.0,"[34, 35]","[""cockatoo_Metacarpus_l_bone_075"", ""cockatoo_Ulna_l_bone_074""]","[0.949999988079071, 0.050000011920928955]"
542,-10.590445,5.1965256,-3.5361958,0.15301955,-0.30046105,-0.08361545,1.0,"[34, 35]","[""cockatoo_Metacarpus_l_bone_075"", ""cockatoo_Ulna_l_bone_074""]","[0.949999988079071, 0.050000011920928955]"
543,-10.692492,5.109825,-3.0871086,-0.09351128,0.1306233,-0.167777,1.0,"[34, 35]","[""cockatoo_Metacarpus_l_bone_075"", ""cockatoo_Ulna_l_bone_074""]","[0.949999988079071, 0.050000011920928955]"
544,2.5994363,-1.223877,1.2733555,0.03090636,-0.49215913,0.79974973,0.45544254779815674,"[46, 36, 35, 34]","[""cockatoo_Scapula_bone_03"", ""cockatoo_Humerus_l_bone_073"", ""cockatoo_Ulna_l_bone_074"", ""cockatoo_Metacarpus_l_bone_075""]","[0.5445574522018433, 0.20439119637012482, 0.1757359653711319, 0.07531538605690002]"
545,1.4160094,-0.10281372,-0.12578773,-0.14611575,-0.031104743,0.011043265,0.3611665964126587,"[46, 36, 34, 35]","[""cockatoo_Scapula_bone_03"", ""cockatoo_Humerus_l_bone_073"", ""cockatoo_Metacarpus_l_bone_075"", ""cockatoo_Ulna_l_bone_074""]","[0.6388334631919861, 0.32346147298812866, 0.02450832538306713, 0.013196797110140324]"
546,-0.040975094,1.6288757,0.3869543,-0.15985486,-0.19890106,1.0737352,0.4912244975566864,"[46, 36, 34, 35]","[""cockatoo_Scapula_bone_03"", ""cockatoo_Humerus_l_bone_073"", ""cockatoo_Metacarpus_l_bone_075"", ""cockatoo_Ulna_l_bone_074""]","[0.508775532245636, 0.2425556182861328, 0.14148400723934174, 0.10718486458063126]"
547,-0.040975094,1.6288757,0.3869543,-0.15979439,-0.19883811,1.0736972,0.4912244975566864,"[46, 36, 34, 35]","[""cockatoo_Scapula_bone_03"", ""cockatoo_Humerus_l_bone_073"", ""cockatoo_Metacarpus_l_bone_075"", ""cockatoo_Ulna_l_bone_074""]","[0.508775532245636, 0.2425556182861328, 0.14148400723934174, 0.10718486458063126]"
548,2.5994363,-1.223877,1.2733555,0.03090636,-0.49215913,0.79974973,0.45544254779815674,"[46, 36, 35, 34]","[""cockatoo_Scapula_bone_03"", ""cockatoo_Humerus_l_bone_073"", ""cockatoo_Ulna_l_bone_074"", ""cockatoo_Metacarpus_l_bone_075""]","[0.5445574522018433, 0.20439119637012482, 0.1757359653711319, 0.07531538605690002]"
557,2.0654507,-1.0966911,0.49038506,0.36889815,-0.4168075,0.16772991,0.37965190410614014,"[46, 36, 35, 34]","[""cockatoo_Scapula_bone_03"", ""cockatoo_Humerus_l_bone_073"", ""cockatoo_Ulna_l_bone_074"", ""cockatoo_Metacarpus_l_bone_075""]","[0.6203480958938599, 0.19550909101963043, 0.12889999151229858, 0.05524284020066261]"
594,-0.56907964,0.6288719,-3.2911816,-0.38984555,-0.50758,0.6382871,0.5999999642372131,"[36, 46, 34]","[""cockatoo_Humerus_l_bone_073"", ""cockatoo_Scapula_bone_03"", ""cockatoo_Metacarpus_l_bone_075""]","[0.5399999618530273, 0.40000003576278687, 0.060000013560056686]"
596,-10.110902,5.1361313,-7.9199467,-0.38769865,0.34062284,0.06513934,1.0,"[34, 35]","[""cockatoo_Metacarpus_l_bone_075"", ""cockatoo_Ulna_l_bone_074""]","[0.949999988079071, 0.050000011920928955]"
597,-9.952788,4.9586563,-7.575817,-0.45620054,0.44237056,0.06535901,1.0,"[34, 35]","[""cockatoo_Metacarpus_l_bone_075"", ""cockatoo_Ulna_l_bone_074""]","[0.949999988079071, 0.050000011920928955]"
598,-9.115692,4.5759506,-7.9646893,-0.32314873,0.5330256,-0.1346525,1.0,"[34, 35]","[""cockatoo_Metacarpus_l_bone_075"", ""cockatoo_Ulna_l_bone_074""]","[0.949999988079071, 0.050000011920928955]"
599,-9.47459,5.0221405,-7.970337,-0.32009786,0.3556313,0.043491423,1.0,"[34, 35]","[""cockatoo_Metacarpus_l_bone_075"", ""cockatoo_Ulna_l_bone_074""]","[0.949999988079071, 0.050000011920928955]"
812,1.5321155,0.5067749,-0.63342667,0.2666598,0.07344633,0.17057016,0.3871959447860718,"[46, 36, 34, 35]","[""cockatoo_Scapula_bone_03"", ""cockatoo_Humerus_l_bone_073"", ""cockatoo_Metacarpus_l_bone_075"", ""cockatoo_Ulna_l_bone_074""]","[0.6128039956092834, 0.285573273897171, 0.06605473905801773, 0.03556794300675392]"
813,3.2115932,2.1285515,-0.562788,-0.05429524,0.21753699,-0.3901257,0.5982304811477661,"[36, 46, 35, 34]","[""cockatoo_Humerus_l_bone_073"", ""cockatoo_Scapula_bone_03"", ""cockatoo_Ulna_l_bone_074"", ""cockatoo_Metacarpus_l_bone_075""]","[0.40813329815864563, 0.40176963806152344, 0.10455343127250671, 0.08554372936487198]"
814,4.0912476,2.6934776,-0.25764275,-0.12953885,0.14137268,-0.49583393,0.6389638185501099,"[36, 46, 35, 34]","[""cockatoo_Humerus_l_bone_073"", ""cockatoo_Scapula_bone_03"", ""cockatoo_Ulna_l_bone_074"", ""cockatoo_Metacarpus_l_bone_075""]","[0.3994339406490326, 0.3610362410545349, 0.13174141943454742, 0.10778841376304626]"
815,3.0327582,1.2062378,0.009361267,0.6777618,0.21179461,-0.58119935,0.5340137481689453,"[46, 36, 35, 34]","[""cockatoo_Scapula_bone_03"", ""cockatoo_Humerus_l_bone_073"", ""cockatoo_Ulna_l_bone_074"", ""cockatoo_Metacarpus_l_bone_075""]","[0.4659862816333771, 0.32877710461616516, 0.11288011074066162, 0.09235650300979614]"
816,-11.140933,4.176098,-12.929749,-0.1399247,0.27878514,0.17261761,0.9999998807907104,"[34, 35, 36]","[""cockatoo_Metacarpus_l_bone_075"", ""cockatoo_Ulna_l_bone_074"", ""cockatoo_Humerus_l_bone_073""]","[0.7916666865348816, 0.12499989569187164, 0.0833333358168602]"
817,-11.907904,3.5248642,-16.317131,-0.12657529,0.25090742,0.1522108,1.0,"[34, 35]","[""cockatoo_Metacarpus_l_bone_075"", ""cockatoo_Ulna_l_bone_074""]","[0.8500000238418579, 0.1499999612569809]"
818,-10.572508,3.5736961,-8.010603,-0.38853008,0.5121629,-0.050272882,1.0,[34],"[""cockatoo_Metacarpus_l_bone_075""]",[1.0]
819,-1.0632935,5.9205055,2.1267223,-0.32368714,0.69288146,0.044408917,1.0,"[34, 36, 35]","[""cockatoo_Metacarpus_l_bone_075"", ""cockatoo_Humerus_l_bone_073"", ""cockatoo_Ulna_l_bone_074""]","[0.5047425627708435, 0.4092116951942444, 0.08604578673839569]"
820,-5.5193233,4.5076027,-0.6038761,-0.3479963,0.6207447,-0.04911849,1.0,"[34, 36]","[""cockatoo_Metacarpus_l_bone_075"", ""cockatoo_Humerus_l_bone_073""]","[0.7998001575469971, 0.20019982755184174]"
821,-11.449417,4.301628,-18.624664,-0.43406197,0.41562667,-0.14324364,1.0,"[34, 35]","[""cockatoo_Metacarpus_l_bone_075"", ""cockatoo_Ulna_l_bone_074""]","[0.7999943494796753, 0.2000056505203247]"
822,-12.735247,10.032242,-18.52874,-0.40118897,0.45413226,-0.056978956,1.0,"[34, 35, 36]","[""cockatoo_Metacarpus_l_bone_075"", ""cockatoo_Ulna_l_bone_074"", ""cockatoo_Humerus_l_bone_073""]","[0.6749999523162842, 0.22499999403953552, 0.10000000149011612]"
823,4.051881,-1.5811996,1.0437202,0.19512276,-0.10442716,-0.2339454,0.33380743861198425,"[46, 36, 83, 34]","[""cockatoo_Scapula_bone_03"", ""cockatoo_Humerus_l_bone_073"", ""cockatoo_Ilium_bone_02"", ""cockatoo_Metacarpus_l_bone_075""]","[0.6519310474395752, 0.3195459246635437, 0.014261515811085701, 0.014261515811085701]"
824,3.3444138,-0.99744415,0.95303917,0.16542235,0.025847435,-0.0053402185,0.37558650970458984,"[46, 36, 34, 35]","[""cockatoo_Scapula_bone_03"", ""cockatoo_Humerus_l_bone_073"", ""cockatoo_Metacarpus_l_bone_075"", ""cockatoo_Ulna_l_bone_074""]","[0.6244135499000549, 0.20327089726924896, 0.08615779876708984, 0.08615779876708984]"
825,2.948536,0.019985199,0.41752815,0.047109812,0.002100587,-0.31197092,0.3668716549873352,"[46, 36, 83, 34]","[""cockatoo_Scapula_bone_03"", ""cockatoo_Humerus_l_bone_073"", ""cockatoo_Ilium_bone_02"", ""cockatoo_Metacarpus_l_bone_075""]","[0.5648751854896545, 0.29861849546432495, 0.06825316697359085, 0.06825316697359085]"
826,6.5113983,-1.1950073,2.2758026,0.23521727,0.47406605,-0.34409097,0.42397329211235046,"[46, 36]","[""cockatoo_Scapula_bone_03"", ""cockatoo_Humerus_l_bone_073""]","[0.5760267376899719, 0.42397329211235046]"
827,4.828705,2.4549904,-0.5489578,-0.08611843,-0.022129893,0.45493236,0.46102002263069153,"[46, 36, 34, 35]","[""cockatoo_Scapula_bone_03"", ""cockatoo_Humerus_l_bone_073"", ""cockatoo_Metacarpus_l_bone_075"", ""cockatoo_Ulna_l_bone_074""]","[0.5389800667762756, 0.3151291310787201, 0.07294544577598572, 0.07294544577598572]"
828,4.128934,1.5675163,0.052833557,-0.4294176,-0.6041479,0.2824134,0.42635634541511536,"[46, 36, 34, 35]","[""cockatoo_Scapula_bone_03"", ""cockatoo_Humerus_l_bone_073"", ""cockatoo_Metacarpus_l_bone_075"", ""cockatoo_Ulna_l_bone_074""]","[0.573643684387207, 0.23024967312812805, 0.09805334359407425, 0.09805334359407425]"
829,2.7499228,-0.8177757,0.08966255,-0.25167716,-0.045605123,-0.12473163,0.2862679362297058,"[46, 36, 83, 34]","[""cockatoo_Scapula_bone_03"", ""cockatoo_Humerus_l_bone_073"", ""cockatoo_Ilium_bone_02"", ""cockatoo_Metacarpus_l_bone_075""]","[0.6847177743911743, 0.25725358724594116, 0.029014337807893753, 0.029014337807893753]"
830,6.737253,-0.030151367,0.22225666,-0.32206795,-0.5114794,0.3301382,0.43627607822418213,"[46, 36, 83, 34]","[""cockatoo_Scapula_bone_03"", ""cockatoo_Humerus_l_bone_073"", ""cockatoo_Ilium_bone_02"", ""cockatoo_Metacarpus_l_bone_075""]","[0.5517553091049194, 0.42430755496025085, 0.011968526989221573, 0.011968526989221573]"
831,-4.2464294,8.764145,-3.2139359,0.2651698,-0.5150177,-0.07292582,1.0,"[34, 35, 36]","[""cockatoo_Metacarpus_l_bone_075"", ""cockatoo_Ulna_l_bone_074"", ""cockatoo_Humerus_l_bone_073""]","[0.6749999523162842, 0.22499999403953552, 0.10000000149011612]"
832,12.383749,-0.63298416,17.54594,0.36623025,-0.7462865,-0.1488086,1.0,"[36, 34, 35]","[""cockatoo_Humerus_l_bone_073"", ""cockatoo_Metacarpus_l_bone_075"", ""cockatoo_Ulna_l_bone_074""]","[0.6551510095596313, 0.23434415459632874, 0.1105048805475235]"
833,12.657438,-0.55135345,17.106094,0.65207744,-0.84782994,-0.06613803,1.0,"[36, 34, 35]","[""cockatoo_Humerus_l_bone_073"", ""cockatoo_Metacarpus_l_bone_075"", ""cockatoo_Ulna_l_bone_074""]","[0.6507557034492493, 0.2343721240758896, 0.11487219482660294]"
834,-4.4714584,9.109604,-2.7041054,0.33723825,-0.8313694,0.2787701,1.0,"[34, 35, 36]","[""cockatoo_Metacarpus_l_bone_075"", ""cockatoo_Ulna_l_bone_074"", ""cockatoo_Humerus_l_bone_073""]","[0.6749999523162842, 0.22500000894069672, 0.10000001639127731]"
835,21.355728,-4.2738113,18.076143,0.09882623,-0.9782134,-0.539175,0.9888505935668945,"[36, 35, 34, 83]","[""cockatoo_Humerus_l_bone_073"", ""cockatoo_Ulna_l_bone_074"", ""cockatoo_Metacarpus_l_bone_075"", ""cockatoo_Ilium_bone_02""]","[0.9637330770492554, 0.013678723946213722, 0.011438816785812378, 0.011149383150041103]"
836,21.756157,-4.9680824,15.936298,0.010288179,-1.0652392,-0.46052554,0.9873476028442383,"[36, 46]","[""cockatoo_Humerus_l_bone_073"", ""cockatoo_Scapula_bone_03""]","[0.9873476028442383, 0.01265241950750351]"
837,22.115993,-5.110859,15.91765,0.38479558,-1.1362056,-0.5096506,0.9896277189254761,"[36, 46]","[""cockatoo_Humerus_l_bone_073"", ""cockatoo_Scapula_bone_03""]","[0.9896277189254761, 0.010372288525104523]"
838,-7.6751175,8.445778,-14.332138,-0.25476217,0.8066175,0.035509873,1.0,"[34, 35, 36]","[""cockatoo_Metacarpus_l_bone_075"", ""cockatoo_Ulna_l_bone_074"", ""cockatoo_Humerus_l_bone_073""]","[0.675000011920929, 0.22500000894069672, 0.10000000149011612]"
839,-8.142416,8.5732765,-13.987183,-0.3047824,0.48622763,0.22478,1.0,"[34, 35, 36]","[""cockatoo_Metacarpus_l_bone_075"", ""cockatoo_Ulna_l_bone_074"", ""cockatoo_Humerus_l_bone_073""]","[0.6749999523162842, 0.22499999403953552, 0.10000000894069672]"
840,7.6719513,0.38869476,7.1459274,0.22641641,0.5873362,0.70667213,1.0,"[36, 34, 35]","[""cockatoo_Humerus_l_bone_073"", ""cockatoo_Metacarpus_l_bone_075"", ""cockatoo_Ulna_l_bone_074""]","[0.6511240601539612, 0.23553913831710815, 0.11333680897951126]"
841,15.330933,-2.1615028,3.2911434,0.3012797,-0.08359052,0.10980564,0.5974188446998596,"[36, 46]","[""cockatoo_Humerus_l_bone_073"", ""cockatoo_Scapula_bone_03""]","[0.5974188446998596, 0.402581125497818]"
842,15.224173,-2.0486298,3.354025,0.30289102,0.2395423,0.26166272,0.5966739654541016,"[36, 46]","[""cockatoo_Humerus_l_bone_073"", ""cockatoo_Scapula_bone_03""]","[0.5966739654541016, 0.4033260643482208]"
843,18.501743,-2.3419762,2.910471,0.29778644,0.2774165,0.34230518,0.6992000937461853,"[36, 46]","[""cockatoo_Humerus_l_bone_073"", ""cockatoo_Scapula_bone_03""]","[0.6992000937461853, 0.3007998764514923]"
844,18.70604,-2.4702454,3.0210552,0.4341272,0.01633069,0.3248858,0.698865532875061,"[36, 46]","[""cockatoo_Humerus_l_bone_073"", ""cockatoo_Scapula_bone_03""]","[0.698865532875061, 0.30113446712493896]"
845,-11.566721,10.242348,-16.070442,0.3475837,0.6338415,-0.04900381,1.0,"[34, 35, 36]","[""cockatoo_Metacarpus_l_bone_075"", ""cockatoo_Ulna_l_bone_074"", ""cockatoo_Humerus_l_bone_073""]","[0.6749999523162842, 0.22499999403953552, 0.10000000149011612]"
846,-8.498905,9.508011,-5.19413,0.09967029,-0.30854055,0.16974884,1.0,"[34, 35, 36]","[""cockatoo_Metacarpus_l_bone_075"", ""cockatoo_Ulna_l_bone_074"", ""cockatoo_Humerus_l_bone_073""]","[0.6749999523162842, 0.22499999403953552, 0.10000000149011612]"
847,-8.568987,8.398968,-13.722664,0.88518924,-0.052755028,0.53629,1.0,"[34, 35, 36]","[""cockatoo_Metacarpus_l_bone_075"", ""cockatoo_Ulna_l_bone_074"", ""cockatoo_Humerus_l_bone_073""]","[0.6749999523162842, 0.22500000894069672, 0.10000000894069672]"
848,-10.692492,5.109825,-3.0871086,-0.025094807,0.054823965,-0.044269055,1.0,"[34, 35]","[""cockatoo_Metacarpus_l_bone_075"", ""cockatoo_Ulna_l_bone_074""]","[0.949999988079071, 0.050000011920928955]"
849,-10.69026,5.135914,-9.406372,0.20087779,-0.23199075,0.15794647,1.0,"[34, 35]","[""cockatoo_Metacarpus_l_bone_075"", ""cockatoo_Ulna_l_bone_074""]","[0.7999886870384216, 0.20001134276390076]"
850,-11.203316,5.0119476,-11.078335,0.025216341,-0.18526024,0.33007237,1.0,"[34, 35]","[""cockatoo_Metacarpus_l_bone_075"", ""cockatoo_Ulna_l_bone_074""]","[0.7999951839447021, 0.20000478625297546]"
851,-11.47768,4.149544,-7.223072,0.020322382,-0.07122123,0.27950585,1.0,"[34, 35]","[""cockatoo_Metacarpus_l_bone_075"", ""cockatoo_Ulna_l_bone_074""]","[0.949999988079071, 0.050000011920928955]"
852,2.0654507,-1.0966911,0.49038506,0.34710592,-0.41780934,0.108100414,0.37965190410614014,"[46, 36, 35, 34]","[""cockatoo_Scapula_bone_03"", ""cockatoo_Humerus_l_bone_073"", ""cockatoo_Ulna_l_bone_074"", ""cockatoo_Metacarpus_l_bone_075""]","[0.6203480958938599, 0.19550909101963043, 0.12889999151229858, 0.05524284020066261]"
853,0.66321945,-0.48773956,-0.19496155,-0.027167171,-0.12461819,-0.013484061,0.19344308972358704,"[46, 36, 43, 34]","[""cockatoo_Scapula_bone_03"", ""cockatoo_Humerus_l_bone_073"", ""cockatoo_Head_bone_06"", ""cockatoo_Metacarpus_l_bone_075""]","[0.7528857588768005, 0.13977190852165222, 0.05367118492722511, 0.05367118492722511]"
854,1.2179413,-0.14588547,-0.2609167,-0.18185301,-0.14364618,-0.18895945,0.24554067850112915,"[46, 36, 34, 35]","[""cockatoo_Scapula_bone_03"", ""cockatoo_Humerus_l_bone_073"", ""cockatoo_Metacarpus_l_bone_075"", ""cockatoo_Ulna_l_bone_074""]","[0.7544593811035156, 0.13245752453804016, 0.056541573256254196, 0.056541573256254196]"
855,2.5994363,-1.223877,1.2733555,0.21189857,-0.79924566,-0.31115913,0.45544254779815674,"[46, 36, 35, 34]","[""cockatoo_Scapula_bone_03"", ""cockatoo_Humerus_l_bone_073"", ""cockatoo_Ulna_l_bone_074"", ""cockatoo_Metacarpus_l_bone_075""]","[0.5445574522018433, 0.20439119637012482, 0.1757359653711319, 0.07531538605690002]"
856,-5.5090923,4.504421,3.3390694,0.3224433,-0.49116835,-0.04399416,1.0000001192092896,"[34, 36, 35]","[""cockatoo_Metacarpus_l_bone_075"", ""cockatoo_Humerus_l_bone_073"", ""cockatoo_Ulna_l_bone_074""]","[0.7599302530288696, 0.20013198256492615, 0.039937812834978104]"
857,-10.002068,4.837982,-3.2994728,0.25462532,-0.4211594,-0.12030701,1.0,"[34, 35]","[""cockatoo_Metacarpus_l_bone_075"", ""cockatoo_Ulna_l_bone_074""]","[0.949999988079071, 0.050000011920928955]"
858,7.5279655,0.48356628,7.2864513,-0.014561713,0.6973229,0.49156046,1.0,"[36, 34, 35]","[""cockatoo_Humerus_l_bone_073"", ""cockatoo_Metacarpus_l_bone_075"", ""cockatoo_Ulna_l_bone_074""]","[0.653601348400116, 0.23671621084213257, 0.10968242585659027]"
859,6.0262356,0.9855919,8.518232,-0.16088688,0.8873191,0.19399308,1.0,"[36, 34]","[""cockatoo_Humerus_l_bone_073"", ""cockatoo_Metacarpus_l_bone_075""]","[0.543049693107605, 0.456950306892395]"
860,-10.750811,10.209816,-16.455719,-0.3201946,0.5054897,0.17658234,1.0,"[34, 35, 36]","[""cockatoo_Metacarpus_l_bone_075"", ""cockatoo_Ulna_l_bone_074"", ""cockatoo_Humerus_l_bone_073""]","[0.675000011920929, 0.2250000387430191, 0.10000001639127731]"
861,11.117511,-2.4578514,3.4216957,0.031276703,0.54134065,-0.2415292,0.4855686128139496,"[46, 36]","[""cockatoo_Scapula_bone_03"", ""cockatoo_Humerus_l_bone_073""]","[0.514431357383728, 0.4855686128139496]"
862,12.893365,-1.5679474,3.695734,0.25270408,0.18735826,0.27775562,0.575855553150177,"[36, 46]","[""cockatoo_Humerus_l_bone_073"", ""cockatoo_Scapula_bone_03""]","[0.575855553150177, 0.424144446849823]"
863,12.757557,-1.7538834,0.4162979,0.058906972,-0.035981715,0.12127401,0.5609204769134521,"[36, 46]","[""cockatoo_Humerus_l_bone_073"", ""cockatoo_Scapula_bone_03""]","[0.5609204769134521, 0.4390795826911926]"
864,9.643489,-1.8362923,1.1767731,0.05893737,-0.13010544,-0.14151698,0.4401323199272156,"[46, 36, 47, 34]","[""cockatoo_Scapula_bone_03"", ""cockatoo_Humerus_l_bone_073"", ""cockatoo_FeatherTail_l_1_bone_0111"", ""cockatoo_Metacarpus_l_bone_075""]","[0.5456900596618652, 0.4259546101093292, 0.014177707023918629, 0.014177707023918629]"
865,15.734714,-3.9129448,2.056899,-0.116247356,-0.14242166,-0.3300803,0.5962820053100586,"[36, 46]","[""cockatoo_Humerus_l_bone_073"", ""cockatoo_Scapula_bone_03""]","[0.5962820053100586, 0.403717964887619]"
866,17.879795,-4.331352,3.2612753,-0.21148995,-0.22193658,-0.34926173,0.6492816209793091,"[36, 46]","[""cockatoo_Humerus_l_bone_073"", ""cockatoo_Scapula_bone_03""]","[0.6492816209793091, 0.3507183790206909]"
867,1.0814886,-0.77972794,-0.111940384,0.03796655,0.11530495,-0.25258443,0.22968047857284546,"[46, 36, 34, 35]","[""cockatoo_Scapula_bone_03"", ""cockatoo_Humerus_l_bone_073"", ""cockatoo_Metacarpus_l_bone_075"", ""cockatoo_Ulna_l_bone_074""]","[0.7703195214271545, 0.12390172481536865, 0.052889384329319, 0.052889384329319]"
870,7.8188477,-0.103206635,7.565548,0.76092386,0.2862857,-0.06307474,1.0,"[36, 34, 35]","[""cockatoo_Humerus_l_bone_073"", ""cockatoo_Metacarpus_l_bone_075"", ""cockatoo_Ulna_l_bone_074""]","[0.6522799134254456, 0.23711203038692474, 0.11060801893472672]"
871,20.139997,-3.3465652,13.805289,1.5146822,-0.5190581,-0.55093735,1.0,[36],"[""cockatoo_Humerus_l_bone_073""]",[1.0]
872,19.35201,-2.770546,14.555381,1.5585754,-0.46225756,-0.6617375,1.0,"[36, 35]","[""cockatoo_Humerus_l_bone_073"", ""cockatoo_Ulna_l_bone_074""]","[0.9837916493415833, 0.016208380460739136]"
873,21.652206,-4.256466,17.941647,0.5845212,-0.86575544,-0.5883689,0.988152265548706,"[36, 35, 34, 83]","[""cockatoo_Humerus_l_bone_073"", ""cockatoo_Ulna_l_bone_074"", ""cockatoo_Metacarpus_l_bone_075"", ""cockatoo_Ilium_bone_02""]","[0.9605424404144287, 0.015213069505989552, 0.012396748177707195, 0.01184778567403555]"
874,-8.09441,9.24931,-5.3682632,0.2968322,-0.47426352,0.10018006,1.0,"[34, 35, 36]","[""cockatoo_Metacarpus_l_bone_075"", ""cockatoo_Ulna_l_bone_074"", ""cockatoo_Humerus_l_bone_073""]","[0.6749999523162842, 0.22499999403953552, 0.10000000149011612]"
875,7.8188477,-0.103206635,7.565548,0.33921313,0.34688902,0.27067405,1.0,"[36, 34, 35]","[""cockatoo_Humerus_l_bone_073"", ""cockatoo_Metacarpus_l_bone_075"", ""cockatoo_Ulna_l_bone_074""]","[0.6522799134254456, 0.23711203038692474, 0.11060801893472672]"
876,-8.568987,8.398968,-13.722664,-0.9400004,0.04321216,0.90901995,1.0,"[34, 35, 36]","[""cockatoo_Metacarpus_l_bone_075"", ""cockatoo_Ulna_l_bone_074"", ""cockatoo_Humerus_l_bone_073""]","[0.6749999523162842, 0.22500000894069672, 0.10000000894069672]"
877,0.66321945,-0.48773956,-0.19496155,-0.0027959645,0.04342544,-0.14559636,0.19344308972358704,"[46, 36, 43, 34]","[""cockatoo_Scapula_bone_03"", ""cockatoo_Humerus_l_bone_073"", ""cockatoo_Head_bone_06"", ""cockatoo_Metacarpus_l_bone_075""]","[0.7528857588768005, 0.13977190852165222, 0.05367118492722511, 0.05367118492722511]"
878,2.0654507,-1.0966911,0.49038506,0.354498,-0.42203194,0.14437044,0.37965190410614014,"[46, 36, 35, 34]","[""cockatoo_Scapula_bone_03"", ""cockatoo_Humerus_l_bone_073"", ""cockatoo_Ulna_l_bone_074"", ""cockatoo_Metacarpus_l_bone_075""]","[0.6203480958938599, 0.19550909101963043, 0.12889999151229858, 0.05524284020066261]"
879,2.0598454,-1.5898857,0.4792633,0.5795152,0.026496947,-0.19178016,0.3711162507534027,"[46, 36, 35, 34]","[""cockatoo_Scapula_bone_03"", ""cockatoo_Humerus_l_bone_073"", ""cockatoo_Ulna_l_bone_074"", ""cockatoo_Metacarpus_l_bone_075""]","[0.6288837790489197, 0.1671680063009262, 0.1631585955619812, 0.04078962281346321]"
880,1.050828,-0.85055923,-0.24601555,0.20478217,0.04024917,-0.071899,0.2655404210090637,"[46, 36, 35]","[""cockatoo_Scapula_bone_03"", ""cockatoo_Humerus_l_bone_073"", ""cockatoo_Ulna_l_bone_074""]","[0.7344595789909363, 0.18954044580459595, 0.07599998265504837]"
881,-9.665996,3.0039825,-7.9986687,-0.34763783,0.47449836,-0.052113384,1.0,[34],"[""cockatoo_Metacarpus_l_bone_075""]",[1.0]
882,-8.538056,2.701767,-7.9181957,-0.3367169,0.45003495,-0.021788865,1.0,[34],"[""cockatoo_Metacarpus_l_bone_075""]",[1.0]
883,-9.919051,4.730625,-9.720969,-0.21176088,0.35068393,0.1944201,1.0,"[34, 36, 35]","[""cockatoo_Metacarpus_l_bone_075"", ""cockatoo_Humerus_l_bone_073"", ""cockatoo_Ulna_l_bone_074""]","[0.7363636493682861, 0.16363638639450073, 0.09999999403953552]"
884,-10.279256,4.928997,-3.5524902,0.2542222,-0.52831024,-0.08189058,1.0,"[34, 35]","[""cockatoo_Metacarpus_l_bone_075"", ""cockatoo_Ulna_l_bone_074""]","[0.949999988079071, 0.050000011920928955]"
885,-9.784282,3.5217476,-4.4212036,0.19526583,-0.44421732,-0.1582689,1.0,[34],"[""cockatoo_Metacarpus_l_bone_075""]",[1.0]
886,-8.689464,2.7760468,-4.2774734,0.24355936,-0.54092216,-0.1824921,1.0,[34],"[""cockatoo_Metacarpus_l_bone_075""]",[1.0]
887,-10.002068,4.837982,-3.2994728,0.21430898,-0.3901147,-0.18102624,1.0,"[34, 35]","[""cockatoo_Metacarpus_l_bone_075"", ""cockatoo_Ulna_l_bone_074""]","[0.949999988079071, 0.050000011920928955]"
888,1.6496005,-0.51807404,-3.0905037,-0.15975107,0.19077498,0.2185098,0.8945497870445251,"[36, 46, 34, 35]","[""cockatoo_Humerus_l_bone_073"", ""cockatoo_Scapula_bone_03"", ""cockatoo_Metacarpus_l_bone_075"", ""cockatoo_Ulna_l_bone_074""]","[0.857038676738739, 0.10545019805431366, 0.024382224306464195, 0.01312889065593481]"
889,-9.246787,5.247017,-7.887457,-0.053536296,0.16733629,0.12950522,1.0,"[34, 36, 35]","[""cockatoo_Metacarpus_l_bone_075"", ""cockatoo_Humerus_l_bone_073"", ""cockatoo_Ulna_l_bone_074""]","[0.5000000596046448, 0.38461530208587646, 0.11538461595773697]"
890,-7.5622473,5.105957,-6.904047,0.09829223,0.22442377,0.2099117,1.0,"[34, 36, 35]","[""cockatoo_Metacarpus_l_bone_075"", ""cockatoo_Humerus_l_bone_073"", ""cockatoo_Ulna_l_bone_074""]","[0.45000001788139343, 0.42307689785957336, 0.1269230842590332]"
891,-3.6159945,5.1734657,-4.515773,0.07708815,0.3247378,0.27911144,1.0,"[36, 34, 35]","[""cockatoo_Humerus_l_bone_073"", ""cockatoo_Metacarpus_l_bone_075"", ""cockatoo_Ulna_l_bone_074""]","[0.5, 0.3499999940395355, 0.15000000596046448]"
892,3.606543,3.6377258,-0.37942886,-0.143516,-0.00832355,-0.13125452,0.6690099239349365,"[36, 46, 34, 35]","[""cockatoo_Humerus_l_bone_073"", ""cockatoo_Scapula_bone_03"", ""cockatoo_Metacarpus_l_bone_075"", ""cockatoo_Ulna_l_bone_074""]","[0.42547616362571716, 0.3309900462627411, 0.1233435720205307, 0.12019020318984985]"
893,2.7632809,3.368435,-0.1050396,-0.021017835,-0.017116964,-0.10412,0.6384734511375427,"[36, 46, 34, 35]","[""cockatoo_Humerus_l_bone_073"", ""cockatoo_Scapula_bone_03"", ""cockatoo_Metacarpus_l_bone_075"", ""cockatoo_Ulna_l_bone_074""]","[0.40306487679481506, 0.36152660846710205, 0.11817290633916855, 0.11723566055297852]"
975,0.04992342,-0.053123474,-0.17684937,-0.0070542693,0.024018407,-0.021427453,0.08974432945251465,"[46, 45, 36]","[""cockatoo_Scapula_bone_03"", ""cockatoo_Neck_bone_04"", ""cockatoo_Humerus_l_bone_073""]","[0.5, 0.41025570034980774, 0.08974432945251465]"
976,0.7101569,1.5719032,-1.2353048,0.023913622,0.3505776,-0.23815417,0.43219172954559326,"[46, 36, 34, 35]","[""cockatoo_Scapula_bone_03"", ""cockatoo_Humerus_l_bone_073"", ""cockatoo_Metacarpus_l_bone_075"", ""cockatoo_Ulna_l_bone_074""]","[0.5678083300590515, 0.26608437299728394, 0.10796979069709778, 0.05813758075237274]"
989,0.0113300085,0.06594849,-0.068362236,-0.0052831173,0.02140022,-0.0028441548,0.050000011920928955,"[45, 36]","[""cockatoo_Neck_bone_04"", ""cockatoo_Humerus_l_bone_073""]","[0.949999988079071, 0.050000011920928955]"
997,-0.3876772,0.8753433,-3.4470282,-0.38142693,0.17720313,-0.03178531,0.5999999642372131,"[36, 46, 34]","[""cockatoo_Humerus_l_bone_073"", ""cockatoo_Scapula_bone_03"", ""cockatoo_Metacarpus_l_bone_075""]","[0.5684210062026978, 0.40000003576278687, 0.031578950583934784]"
999,-4.3934784,6.4560776,2.9319267,-0.13304168,0.4503918,-0.30551934,1.0,"[37, 39, 38]","[""cockatoo_Metacarpus_r_bone_072"", ""cockatoo_Humerus_r_bone_070"", ""cockatoo_Ulna_r_bone_071""]","[0.48461535573005676, 0.4153846204280853, 0.10000000894069672]"
1000,-4.6417713,6.9020195,2.195366,-0.18486774,0.44359452,-0.2730572,1.0,"[37, 39, 38]","[""cockatoo_Metacarpus_r_bone_072"", ""cockatoo_Humerus_r_bone_070"", ""cockatoo_Ulna_r_bone_071""]","[0.484615296125412, 0.4153846204280853, 0.10000008344650269]"
1001,-9.57949,4.464161,10.933086,-0.17255059,0.36853978,-0.2183604,1.0,"[37, 39, 38]","[""cockatoo_Metacarpus_r_bone_072"", ""cockatoo_Humerus_r_bone_070"", ""cockatoo_Ulna_r_bone_071""]","[0.7363636493682861, 0.16363638639450073, 0.09999999403953552]"
1006,9.095369,0.79322815,-2.7124538,0.100733876,-0.07157546,0.024022877,0.5690370798110962,"[39, 46]","[""cockatoo_Humerus_r_bone_070"", ""cockatoo_Scapula_bone_03""]","[0.5690370798110962, 0.4309629201889038]"
1007,7.263673,3.0869064,-2.2763882,0.08090693,0.10413557,0.604735,0.6259045600891113,"[39, 46, 38, 37]","[""cockatoo_Humerus_r_bone_070"", ""cockatoo_Scapula_bone_03"", ""cockatoo_Ulna_r_bone_071"", ""cockatoo_Metacarpus_r_bone_072""]","[0.44766661524772644, 0.37409546971321106, 0.12021335959434509, 0.05802455544471741]"
1016,10.835265,-2.8083496,-3.5110626,0.31697685,-0.117767364,0.20054424,0.47383835911750793,"[46, 39, 50, 43]","[""cockatoo_Scapula_bone_03"", ""cockatoo_Humerus_r_bone_070"", ""cockatoo_FeatherTail_r_2_bone_0108"", ""cockatoo_Head_bone_06""]","[0.5054223537445068, 0.47383835911750793, 0.010369653813540936, 0.010369653813540936]"
1017,10.868564,-3.0598145,-2.0960388,-0.17959303,-0.7150948,0.25047958,0.4684654772281647,"[46, 39, 50, 37]","[""cockatoo_Scapula_bone_03"", ""cockatoo_Humerus_r_bone_070"", ""cockatoo_FeatherTail_r_2_bone_0108"", ""cockatoo_Metacarpus_r_bone_072""]","[0.5187997221946716, 0.455730676651001, 0.012734807096421719, 0.012734807096421719]"
1018,15.86477,-3.8973389,-1.8969765,0.010407627,-0.28002328,0.52118367,0.5968354344367981,"[39, 46]","[""cockatoo_Humerus_r_bone_070"", ""cockatoo_Scapula_bone_03""]","[0.5968354344367981, 0.4031645655632019]"
1019,15.288021,-2.3602371,-3.3755798,0.46715695,-0.14616925,0.72677314,0.5959711670875549,"[39, 46]","[""cockatoo_Humerus_r_bone_070"", ""cockatoo_Scapula_bone_03""]","[0.5959711670875549, 0.40402883291244507]"
1021,0.07084918,-0.039260864,-0.07307434,-0.0019693673,-0.007932553,-0.00083321333,0.028175102546811104,"[46, 17, 36]","[""cockatoo_Scapula_bone_03"", ""cockatoo_Femur_l_bone_092"", ""cockatoo_Humerus_l_bone_073""]","[0.7299330234527588, 0.24189186096191406, 0.028175102546811104]"
1046,-6.0263233,5.9591675,-0.9996128,-0.3220929,0.57365835,0.05151826,1.0,"[34, 36, 35]","[""cockatoo_Metacarpus_l_bone_075"", ""cockatoo_Humerus_l_bone_073"", ""cockatoo_Ulna_l_bone_074""]","[0.6413022875785828, 0.3178479075431824, 0.04084983468055725]"
1047,0.9324417,5.1713104,7.306321,-0.27338588,0.69015855,0.11991669,1.0,"[36, 34, 35]","[""cockatoo_Humerus_l_bone_073"", ""cockatoo_Metacarpus_l_bone_075"", ""cockatoo_Ulna_l_bone_074""]","[0.5652850866317749, 0.40592601895332336, 0.028788935393095016]"
1048,6.0009785,6.529972,10.0662985,-0.13644499,0.61886156,0.34908238,1.0,"[36, 34, 35]","[""cockatoo_Humerus_l_bone_073"", ""cockatoo_Metacarpus_l_bone_075"", ""cockatoo_Ulna_l_bone_074""]","[0.7536410093307495, 0.1516292542219162, 0.0947297215461731]"
1049,-4.669216,6.8450966,-1.7511973,-0.19517273,0.45763934,0.26770505,1.0,"[34, 36, 35]","[""cockatoo_Metacarpus_l_bone_075"", ""cockatoo_Humerus_l_bone_073"", ""cockatoo_Ulna_l_bone_074""]","[0.484615296125412, 0.4153846204280853, 0.10000008344650269]"
1050,17.187788,-0.9081497,-16.340054,-0.1468172,-0.7671447,0.52735484,1.0,[39],"[""cockatoo_Humerus_r_bone_070""]",[1.0]
1051,16.33673,-0.35500336,-17.48722,-0.042487025,-0.746933,0.48066232,1.0,"[39, 37]","[""cockatoo_Humerus_r_bone_070"", ""cockatoo_Metacarpus_r_bone_072""]","[0.9676339030265808, 0.03236611932516098]"
1052,-11.635101,4.2798004,19.412216,-0.4843259,0.18898803,-0.031822473,1.0,"[37, 38]","[""cockatoo_Metacarpus_r_bone_072"", ""cockatoo_Ulna_r_bone_071""]","[0.7999982833862305, 0.20000171661376953]"
1053,-11.948961,4.0878754,19.306374,-1.077111,-0.0663265,-0.0996679,1.0,"[37, 38]","[""cockatoo_Metacarpus_r_bone_072"", ""cockatoo_Ulna_r_bone_071""]","[0.7999985814094543, 0.20000143349170685]"
1054,-10.789465,4.807808,8.097511,-0.59211075,-0.13338912,-0.32315314,1.0,"[37, 38]","[""cockatoo_Metacarpus_r_bone_072"", ""cockatoo_Ulna_r_bone_071""]","[0.949999988079071, 0.050000011920928955]"
1055,-10.34638,5.0204544,8.16172,-0.44023263,0.4099079,-0.33060002,1.0,"[37, 38]","[""cockatoo_Metacarpus_r_bone_072"", ""cockatoo_Ulna_r_bone_071""]","[0.949999988079071, 0.050000011920928955]"
1063,-8.499064,2.864441,4.8992577,0.19984996,-0.368649,0.168697,1.0,[37],"[""cockatoo_Metacarpus_r_bone_072""]",[1.0]
1064,-5.7396336,5.434288,2.2686386,0.204858,-0.3776453,0.22177336,0.9999999403953552,"[37, 39, 38]","[""cockatoo_Metacarpus_r_bone_072"", ""cockatoo_Humerus_r_bone_070"", ""cockatoo_Ulna_r_bone_071""]","[0.6176135540008545, 0.2500406503677368, 0.1323457509279251]"
1065,-3.6024494,4.0211525,0.6415367,0.13330424,-0.46601868,0.3666777,1.0000001192092896,"[37, 39, 38]","[""cockatoo_Metacarpus_r_bone_072"", ""cockatoo_Humerus_r_bone_070"", ""cockatoo_Ulna_r_bone_071""]","[0.6128097176551819, 0.34628060460090637, 0.04090973362326622]"
1066,-9.094247,3.55439,10.279285,0.038348436,-0.2512203,0.27002037,0.9999998807907104,"[37, 38, 39]","[""cockatoo_Metacarpus_r_bone_072"", ""cockatoo_Ulna_r_bone_071"", ""cockatoo_Humerus_r_bone_070""]","[0.7916666865348816, 0.12499989569187164, 0.0833333358168602]"
1079,1.4160094,-0.10281372,-0.12578773,0.080043525,-0.06470168,-0.07120302,0.3611665964126587,"[46, 36, 34, 35]","[""cockatoo_Scapula_bone_03"", ""cockatoo_Humerus_l_bone_073"", ""cockatoo_Metacarpus_l_bone_075"", ""cockatoo_Ulna_l_bone_074""]","[0.6388334631919861, 0.32346147298812866, 0.02450832538306713, 0.013196797110140324]"
1117,-0.25973177,1.8265953,-0.85651016,-0.07770725,0.41961128,-0.13947558,0.43219172954559326,"[46, 36, 34, 35]","[""cockatoo_Scapula_bone_03"", ""cockatoo_Humerus_l_bone_073"", ""cockatoo_Metacarpus_l_bone_075"", ""cockatoo_Ulna_l_bone_074""]","[0.5678083300590515, 0.26608437299728394, 0.10796979069709778, 0.05813758075237274]"
1124,2.5048428,1.5362892,0.62107086,-0.067855746,-0.45217907,0.4209286,0.9716603755950928,"[39, 37, 46]","[""cockatoo_Humerus_r_bone_070"", ""cockatoo_Metacarpus_r_bone_072"", ""cockatoo_Scapula_bone_03""]","[0.6499999761581421, 0.32166042923927307, 0.02833959460258484]"
1125,-2.6423779,5.461426,2.3287735,-0.066349715,-0.42017192,0.4387988,1.0,"[37, 39, 38]","[""cockatoo_Metacarpus_r_bone_072"", ""cockatoo_Humerus_r_bone_070"", ""cockatoo_Ulna_r_bone_071""]","[0.4576922655105591, 0.39230769872665405, 0.15000003576278687]"
1126,8.60305,2.7038956,-9.736649,-0.18738842,-0.5080414,0.5173445,0.9793749451637268,"[39, 37, 38, 46]","[""cockatoo_Humerus_r_bone_070"", ""cockatoo_Metacarpus_r_bone_072"", ""cockatoo_Ulna_r_bone_071"", ""cockatoo_Scapula_bone_03""]","[0.7760181427001953, 0.15896198153495789, 0.044394783675670624, 0.02062508650124073]"
1127,13.775096,-1.0704231,-6.6813507,-0.30348408,-0.5029435,0.54874206,0.9827085137367249,"[39, 46]","[""cockatoo_Humerus_r_bone_070"", ""cockatoo_Scapula_bone_03""]","[0.9827085137367249, 0.017291458323597908]"
1145,-12.372129,3.4035492,-16.768314,-0.22642863,0.28847843,0.19426027,1.0,"[34, 35]","[""cockatoo_Metacarpus_l_bone_075"", ""cockatoo_Ulna_l_bone_074""]","[0.8500000238418579, 0.1499999612569809]"
1146,0.3147583,10.107613,23.853064,0.063364,1.3083831,-1.147618,1.0,"[35, 34]","[""cockatoo_Ulna_l_bone_074"", ""cockatoo_Metacarpus_l_bone_075""]","[0.7500000596046448, 0.24999994039535522]"
1147,-11.566721,10.242348,-16.070442,-1.0336077,-0.12293315,0.4989444,1.0,"[34, 35, 36]","[""cockatoo_Metacarpus_l_bone_075"", ""cockatoo_Ulna_l_bone_074"", ""cockatoo_Humerus_l_bone_073""]","[0.6749999523162842, 0.22499999403953552, 0.10000000149011612]"
1148,-11.281734,10.32732,-16.206352,-0.37985307,0.20828599,0.18042521,1.0,"[34, 35, 36]","[""cockatoo_Metacarpus_l_bone_075"", ""cockatoo_Ulna_l_bone_074"", ""cockatoo_Humerus_l_bone_073""]","[0.6749999523162842, 0.22499999403953552, 0.10000000149011612]"
1160,-11.362549,8.395519,-8.185616,0.0650751,-0.11158818,0.2102121,1.0,"[34, 35, 36]","[""cockatoo_Metacarpus_l_bone_075"", ""cockatoo_Ulna_l_bone_074"", ""cockatoo_Humerus_l_bone_073""]","[0.6749999523162842, 0.22499999403953552, 0.10000000149011612]"
1161,-13.44146,10.022587,-18.210758,0.34553647,0.6830377,-0.04637763,1.0,"[34, 35, 36]","[""cockatoo_Metacarpus_l_bone_075"", ""cockatoo_Ulna_l_bone_074"", ""cockatoo_Humerus_l_bone_073""]","[0.6749999523162842, 0.22499999403953552, 0.10000000149011612]"
1162,-12.042526,4.122139,-18.411068,0.3940459,0.63717914,0.14169641,1.0,"[34, 35]","[""cockatoo_Metacarpus_l_bone_075"", ""cockatoo_Ulna_l_bone_074""]","[0.7999985814094543, 0.20000143349170685]"
1173,19.474277,-5.101467,-2.3977165,0.15079793,-0.4795415,0.4940192,0.6991161108016968,"[39, 46]","[""cockatoo_Humerus_r_bone_070"", ""cockatoo_Scapula_bone_03""]","[0.6991161108016968, 0.3008839190006256]"
1174,20.035685,-4.7004776,-5.055111,0.2186692,-0.5879403,0.3675779,0.7496061325073242,"[39, 46]","[""cockatoo_Humerus_r_bone_070"", ""cockatoo_Scapula_bone_03""]","[0.7496061325073242, 0.2503938674926758]"
1175,18.991428,-2.105236,-4.905178,1.08341,-0.19860202,0.31152388,0.7494406700134277,"[39, 46]","[""cockatoo_Humerus_r_bone_070"", ""cockatoo_Scapula_bone_03""]","[0.7494406700134277, 0.25055932998657227]"
1176,18.693039,-2.7625694,-3.1914406,0.8861126,-0.25528604,0.551434,0.6990209221839905,"[39, 46]","[""cockatoo_Humerus_r_bone_070"", ""cockatoo_Scapula_bone_03""]","[0.6990209221839905, 0.30097904801368713]"
1186,2.7709484,4.0599174,-12.137707,0.22246623,-0.5879145,0.27159864,1.0,"[39, 37, 38]","[""cockatoo_Humerus_r_bone_070"", ""cockatoo_Metacarpus_r_bone_072"", ""cockatoo_Ulna_r_bone_071""]","[0.5769177079200745, 0.39407047629356384, 0.029011840000748634]"
1187,0.85811424,5.27306,-10.093227,0.31321478,-0.54695284,0.089428425,1.0,"[37, 39, 38]","[""cockatoo_Metacarpus_r_bone_072"", ""cockatoo_Humerus_r_bone_070"", ""cockatoo_Ulna_r_bone_071""]","[0.4800570607185364, 0.42953458428382874, 0.09040834754705429]"
1223,-5.970392,5.9725113,1.4586487,-0.34009778,0.5534047,-0.06765512,1.0,"[37, 39, 38]","[""cockatoo_Metacarpus_r_bone_072"", ""cockatoo_Humerus_r_bone_070"", ""cockatoo_Ulna_r_bone_071""]","[0.6413022875785828, 0.3178479075431824, 0.04084983468055725]"
1224,0.9193001,5.125469,-7.0412903,-0.27107012,0.6761014,-0.12475033,1.0,"[39, 37, 38]","[""cockatoo_Humerus_r_bone_070"", ""cockatoo_Metacarpus_r_bone_072"", ""cockatoo_Ulna_r_bone_071""]","[0.5652850866317749, 0.40592601895332336, 0.028788935393095016]"
1232,1.1471009,1.2533302,-0.022686005,-0.09864128,0.14568621,-0.21620175,0.44492119550704956,"[46, 36, 35, 34]","[""cockatoo_Scapula_bone_03"", ""cockatoo_Humerus_l_bone_073"", ""cockatoo_Ulna_l_bone_074"", ""cockatoo_Metacarpus_l_bone_075""]","[0.5550787448883057, 0.3139258623123169, 0.07204742729663849, 0.05894792079925537]"
1233,0.7101569,1.5719032,-1.2353048,0.05497998,0.52475137,-0.17634618,0.43219172954559326,"[46, 36, 34, 35]","[""cockatoo_Scapula_bone_03"", ""cockatoo_Humerus_l_bone_073"", ""cockatoo_Metacarpus_l_bone_075"", ""cockatoo_Ulna_l_bone_074""]","[0.5678083300590515, 0.26608437299728394, 0.10796979069709778, 0.05813758075237274]"
1234,-0.25973177,1.8265953,-0.85651016,-0.08523267,0.45838648,-0.118989944,0.43219172954559326,"[46, 36, 34, 35]","[""cockatoo_Scapula_bone_03"", ""cockatoo_Humerus_l_bone_073"", ""cockatoo_Metacarpus_l_bone_075"", ""cockatoo_Ulna_l_bone_074""]","[0.5678083300590515, 0.26608437299728394, 0.10796979069709778, 0.05813758075237274]"
1235,0.3598714,1.3419647,0.18696404,-0.14687306,0.30925637,-0.28747892,0.4369862675666809,"[46, 36, 35, 34]","[""cockatoo_Scapula_bone_03"", ""cockatoo_Humerus_l_bone_073"", ""cockatoo_Ulna_l_bone_074"", ""cockatoo_Metacarpus_l_bone_075""]","[0.5630137920379639, 0.3083271384239197, 0.070762500166893, 0.05789661407470703]"
1246,-10.557021,5.630989,8.479801,-0.47485477,0.47518817,-0.18279505,1.0,"[37, 38]","[""cockatoo_Metacarpus_r_bone_072"", ""cockatoo_Ulna_r_bone_071""]","[0.949999988079071, 0.050000011920928955]"
1247,-11.186867,4.099762,8.523731,-0.4193111,0.38077423,-0.084614664,1.0,[37],"[""cockatoo_Metacarpus_r_bone_072""]",[1.0]
1248,2.6832733,-1.2401466,-0.51649857,-0.008060396,-0.042348564,0.38559106,0.2795461118221283,"[46, 39, 83, 37]","[""cockatoo_Scapula_bone_03"", ""cockatoo_Humerus_r_bone_070"", ""cockatoo_Ilium_bone_02"", ""cockatoo_Metacarpus_r_bone_072""]","[0.6968170404434204, 0.2559092342853546, 0.023636873811483383, 0.023636873811483383]"
1252,1.2949319,0.7666626,-0.8547735,0.28199032,0.14457613,0.19716725,0.3904123306274414,"[46, 36, 34, 35]","[""cockatoo_Scapula_bone_03"", ""cockatoo_Humerus_l_bone_073"", ""cockatoo_Metacarpus_l_bone_075"", ""cockatoo_Ulna_l_bone_074""]","[0.6095877289772034, 0.2876755893230438, 0.06677887588739395, 0.035957857966423035]"
1253,1.5321155,0.5067749,-0.63342667,0.26666772,0.07347798,0.17064843,0.3871959447860718,"[46, 36, 34, 35]","[""cockatoo_Scapula_bone_03"", ""cockatoo_Humerus_l_bone_073"", ""cockatoo_Metacarpus_l_bone_075"", ""cockatoo_Ulna_l_bone_074""]","[0.6128039956092834, 0.285573273897171, 0.06605473905801773, 0.03556794300675392]"
1270,-3.0578175,5.9827003,1.5600891,-0.030383736,-0.38114005,0.42242652,1.0,"[37, 39, 38]","[""cockatoo_Metacarpus_r_bone_072"", ""cockatoo_Humerus_r_bone_070"", ""cockatoo_Ulna_r_bone_071""]","[0.45769229531288147, 0.39230769872665405, 0.14999999105930328]"
1271,-8.667862,3.7273674,8.618439,0.13259023,-0.34780183,0.29050893,1.0,"[37, 39, 38]","[""cockatoo_Metacarpus_r_bone_072"", ""cockatoo_Humerus_r_bone_070"", ""cockatoo_Ulna_r_bone_071""]","[0.7363636493682861, 0.16363638639450073, 0.09999999403953552]"
1272,-8.875403,3.0734024,11.076702,0.09002164,-0.22521818,0.22235465,0.9999998807907104,"[37, 38, 39]","[""cockatoo_Metacarpus_r_bone_072"", ""cockatoo_Ulna_r_bone_071"", ""cockatoo_Humerus_r_bone_070""]","[0.7916666865348816, 0.12499989569187164, 0.0833333358168602]"
1273,1.8582077,-0.7490425,-0.04021263,-0.12994766,-0.09112483,-0.21736637,0.24058257043361664,"[46, 36, 83, 34]","[""cockatoo_Scapula_bone_03"", ""cockatoo_Humerus_l_bone_073"", ""cockatoo_Ilium_bone_02"", ""cockatoo_Metacarpus_l_bone_075""]","[0.7255986332893372, 0.20676375925540924, 0.033818814903497696, 0.033818814903497696]"
1278,7.202828,2.9383507,2.325079,0.07613027,0.11338675,-0.60975987,0.6259045600891113,"[36, 46, 35, 34]","[""cockatoo_Humerus_l_bone_073"", ""cockatoo_Scapula_bone_03"", ""cockatoo_Ulna_l_bone_074"", ""cockatoo_Metacarpus_l_bone_075""]","[0.44766661524772644, 0.37409546971321106, 0.12021335959434509, 0.05802455544471741]"
1283,14.002575,-2.2444,11.911585,0.06811595,0.3222865,0.3675454,1.0,"[36, 34, 35]","[""cockatoo_Humerus_l_bone_073"", ""cockatoo_Metacarpus_l_bone_075"", ""cockatoo_Ulna_l_bone_074""]","[0.827200174331665, 0.11760412156581879, 0.05519565939903259]"
1284,13.8727455,-2.4129982,11.658969,-0.09606224,-0.50900966,0.5917389,1.0,"[36, 34, 35]","[""cockatoo_Humerus_l_bone_073"", ""cockatoo_Metacarpus_l_bone_075"", ""cockatoo_Ulna_l_bone_074""]","[0.8187749981880188, 0.12108874320983887, 0.06013624370098114]"
1285,19.35201,-2.770546,14.555381,-0.06413829,-0.3260907,0.37376183,1.0,"[36, 35]","[""cockatoo_Humerus_l_bone_073"", ""cockatoo_Ulna_l_bone_074""]","[0.9837916493415833, 0.016208380460739136]"
1286,18.949705,-2.316639,14.065027,0.063268125,0.63537973,0.31353438,0.9890584945678711,"[36, 35, 34, 83]","[""cockatoo_Humerus_l_bone_073"", ""cockatoo_Ulna_l_bone_074"", ""cockatoo_Metacarpus_l_bone_075"", ""cockatoo_Ilium_bone_02""]","[0.963622510433197, 0.014260119758546352, 0.01117587648332119, 0.010941486805677414]"
1289,18.585955,-3.1738167,21.073782,0.73313206,-0.73954237,-0.30562854,1.0,"[36, 34, 35]","[""cockatoo_Humerus_l_bone_073"", ""cockatoo_Metacarpus_l_bone_075"", ""cockatoo_Ulna_l_bone_074""]","[0.8183732032775879, 0.12333786487579346, 0.05828890576958656]"
1290,17.963882,-3.4074059,20.942047,0.29318577,-0.9088868,-0.34055448,1.0,"[36, 34, 35]","[""cockatoo_Humerus_l_bone_073"", ""cockatoo_Metacarpus_l_bone_075"", ""cockatoo_Ulna_l_bone_074""]","[0.8050893545150757, 0.1445377767086029, 0.050372857600450516]"
1294,14.566887,2.8925476,13.766434,-0.03487748,0.7121633,0.39366853,1.0,"[36, 35, 34]","[""cockatoo_Humerus_l_bone_073"", ""cockatoo_Ulna_l_bone_074"", ""cockatoo_Metacarpus_l_bone_075""]","[0.9209241271018982, 0.0566108413040638, 0.02246505208313465]"
1295,19.035742,-2.3513985,14.697301,-0.09451318,0.74943614,0.31620747,1.0,"[36, 35]","[""cockatoo_Humerus_l_bone_073"", ""cockatoo_Ulna_l_bone_074""]","[0.9888076186180115, 0.011192400939762592]"
1296,19.304747,-2.3225365,13.363747,0.08748484,0.8571695,0.47968376,0.9764553904533386,"[36, 46]","[""cockatoo_Humerus_l_bone_073"", ""cockatoo_Scapula_bone_03""]","[0.9764553904533386, 0.023544607684016228]"
1297,15.343412,2.2384033,13.044508,0.020548165,0.73754954,0.46115792,1.0,"[36, 35]","[""cockatoo_Humerus_l_bone_073"", ""cockatoo_Ulna_l_bone_074""]","[0.949999988079071, 0.05000000074505806]"
1301,22.257336,-5.9850807,-8.9854965,0.35831288,-1.0593221,0.36837542,0.8976870775222778,"[39, 46]","[""cockatoo_Humerus_r_bone_070"", ""cockatoo_Scapula_bone_03""]","[0.8976870775222778, 0.10231290757656097]"
1302,21.541397,-4.914589,-13.164772,0.36040136,-1.2361002,0.3303013,0.9340053796768188,"[39, 46]","[""cockatoo_Humerus_r_bone_070"", ""cockatoo_Scapula_bone_03""]","[0.9340053796768188, 0.06599464267492294]"
1303,19.759647,-3.0867004,-10.782761,1.306397,-0.7941669,0.50814354,0.9456384778022766,"[39, 46]","[""cockatoo_Humerus_r_bone_070"", ""cockatoo_Scapula_bone_03""]","[0.9456384778022766, 0.05436151847243309]"
1304,21.051292,-4.135227,-7.224949,1.3753405,-0.44637138,0.43317798,0.9171478152275085,"[39, 46]","[""cockatoo_Humerus_r_bone_070"", ""cockatoo_Scapula_bone_03""]","[0.9171478152275085, 0.08285219222307205]"
1316,12.799721,1.1432571,6.1117744,0.19598466,0.57598305,0.5250267,1.0,[36],"[""cockatoo_Humerus_l_bone_073""]",[1.0]
1317,7.684906,5.814106,9.006196,0.05637306,0.62482107,0.47741714,0.9816951751708984,"[36, 34, 35, 46]","[""cockatoo_Humerus_l_bone_073"", ""cockatoo_Metacarpus_l_bone_075"", ""cockatoo_Ulna_l_bone_074"", ""cockatoo_Scapula_bone_03""]","[0.7797781229019165, 0.11735276877880096, 0.08456427603960037, 0.018304821103811264]"
1318,16.094973,1.6947212,11.821959,0.049480915,0.77052116,0.47781017,1.0,"[36, 35]","[""cockatoo_Humerus_l_bone_073"", ""cockatoo_Ulna_l_bone_074""]","[0.949999988079071, 0.05000000447034836]"
1319,17.822645,-0.7861786,7.158841,0.10971248,0.6324361,0.45517433,0.9374998807907104,"[36, 46, 83, 47]","[""cockatoo_Humerus_l_bone_073"", ""cockatoo_Scapula_bone_03"", ""cockatoo_Ilium_bone_02"", ""cockatoo_FeatherTail_l_1_bone_0111""]","[0.9374998807907104, 0.020833346992731094, 0.020833346992731094, 0.020833346992731094]"
1324,10.884034,-2.658512,-3.3574162,0.28432447,-0.18834561,0.55053896,0.47564569115638733,"[46, 39]","[""cockatoo_Scapula_bone_03"", ""cockatoo_Humerus_r_bone_070""]","[0.5243542790412903, 0.47564569115638733]"
1325,10.835265,-2.8083496,-3.5110626,-0.010523774,-0.54391545,0.3015828,0.47383835911750793,"[46, 39, 50, 43]","[""cockatoo_Scapula_bone_03"", ""cockatoo_Humerus_r_bone_070"", ""cockatoo_FeatherTail_r_2_bone_0108"", ""cockatoo_Head_bone_06""]","[0.5054223537445068, 0.47383835911750793, 0.010369653813540936, 0.010369653813540936]"
1326,15.288021,-2.3602371,-3.3755798,0.086281985,-0.6750884,0.02464205,0.5959711670875549,"[39, 46]","[""cockatoo_Humerus_r_bone_070"", ""cockatoo_Scapula_bone_03""]","[0.5959711670875549, 0.40402883291244507]"
1356,19.017546,-2.5433922,-14.7686615,-0.094035685,0.7332659,-0.3202793,1.0,"[39, 38]","[""cockatoo_Humerus_r_bone_070"", ""cockatoo_Ulna_r_bone_071""]","[0.9888076186180115, 0.011192400939762592]"
1357,19.289907,-2.512207,-13.4158745,0.092273,0.845471,-0.48776442,0.9764553904533386,"[39, 46]","[""cockatoo_Humerus_r_bone_070"", ""cockatoo_Scapula_bone_03""]","[0.9764553904533386, 0.023544607684016228]"
1358,19.78916,-2.9151955,-13.576458,0.18497914,0.6171724,-0.5028581,0.9846150875091553,"[39, 46]","[""cockatoo_Humerus_r_bone_070"", ""cockatoo_Scapula_bone_03""]","[0.9846150875091553, 0.015384888276457787]"
1359,18.923864,-2.5049744,-14.127964,0.06185144,0.6194458,-0.3177392,0.9890584945678711,"[39, 38, 37, 83]","[""cockatoo_Humerus_r_bone_070"", ""cockatoo_Ulna_r_bone_071"", ""cockatoo_Metacarpus_r_bone_072"", ""cockatoo_Ilium_bone_02""]","[0.963622510433197, 0.014260119758546352, 0.01117587648332119, 0.010941486805677414]"
1367,17.907927,-3.5280952,-20.880268,0.29184812,-0.8958568,0.34483725,1.0,"[39, 37, 38]","[""cockatoo_Humerus_r_bone_070"", ""cockatoo_Metacarpus_r_bone_072"", ""cockatoo_Ulna_r_bone_071""]","[0.8050893545150757, 0.1445377767086029, 0.050372857600450516]"
1368,11.076628,1.7627258,-17.820667,0.13788664,-0.7132873,0.27350408,0.9899572134017944,"[39, 37, 38, 46]","[""cockatoo_Humerus_r_bone_070"", ""cockatoo_Metacarpus_r_bone_072"", ""cockatoo_Ulna_r_bone_071"", ""cockatoo_Scapula_bone_03""]","[0.7200000286102295, 0.25090470910072327, 0.01905251108109951, 0.010042741894721985]"
1369,8.59503,0.5564995,-17.32362,0.22132295,-0.74735254,0.134372,1.0,"[39, 37]","[""cockatoo_Humerus_r_bone_070"", ""cockatoo_Metacarpus_r_bone_072""]","[0.5517444014549255, 0.44825562834739685]"
1375,1.071917,-0.83686066,0.22821045,0.20417202,0.04545355,0.07361972,0.2655404210090637,"[46, 39, 38]","[""cockatoo_Scapula_bone_03"", ""cockatoo_Humerus_r_bone_070"", ""cockatoo_Ulna_r_bone_071""]","[0.7344595789909363, 0.18954044580459595, 0.07599998265504837]"
1464,3.0200648,-1.1890259,3.2617226,-0.024325728,0.37123907,-0.46012795,0.9657516479492188,"[39, 46, 37, 38]","[""cockatoo_Humerus_r_bone_070"", ""cockatoo_Scapula_bone_03"", ""cockatoo_Metacarpus_r_bone_072"", ""cockatoo_Ulna_r_bone_071""]","[0.9252548217773438, 0.03424833342432976, 0.02632293291389942, 0.01417388953268528]"
1465,1.1869631,1.3463135,-0.05059433,-0.07523289,0.40486822,0.2832644,0.44492119550704956,"[46, 39, 38, 37]","[""cockatoo_Scapula_bone_03"", ""cockatoo_Humerus_r_bone_070"", ""cockatoo_Ulna_r_bone_071"", ""cockatoo_Metacarpus_r_bone_072""]","[0.5550787448883057, 0.3139258623123169, 0.07204742729663849, 0.05894792079925537]"
1466,2.1173635,1.7486801,0.12288284,-0.08259076,0.14859104,0.23110624,0.5075322985649109,"[46, 39, 38, 37]","[""cockatoo_Scapula_bone_03"", ""cockatoo_Humerus_r_bone_070"", ""cockatoo_Ulna_r_bone_071"", ""cockatoo_Metacarpus_r_bone_072""]","[0.4924677610397339, 0.3581027686595917, 0.082186259329319, 0.0672433003783226]"
1482,19.460018,-5.0245705,2.4265356,0.1501014,-0.4893795,-0.49699327,0.6991161108016968,"[36, 46]","[""cockatoo_Humerus_l_bone_073"", ""cockatoo_Scapula_bone_03""]","[0.6991161108016968, 0.3008839190006256]"
1483,20.025698,-4.590954,5.088578,0.21831624,-0.6017964,-0.36893648,0.7496061325073242,"[36, 46]","[""cockatoo_Humerus_l_bone_073"", ""cockatoo_Scapula_bone_03""]","[0.7496061325073242, 0.2503938674926758]"
1484,19.76104,-4.63673,5.0942807,-0.21976203,-0.5587333,-0.41161,0.7497318387031555,"[36, 46]","[""cockatoo_Humerus_l_bone_073"", ""cockatoo_Scapula_bone_03""]","[0.7497318387031555, 0.25026819109916687]"
1489,0.65028954,1.829422,1.2736664,0.017787933,0.42086524,0.22038436,0.43219172954559326,"[46, 39, 37, 38]","[""cockatoo_Scapula_bone_03"", ""cockatoo_Humerus_r_bone_070"", ""cockatoo_Metacarpus_r_bone_072"", ""cockatoo_Ulna_r_bone_071""]","[0.5678083300590515, 0.26608437299728394, 0.10796979069709778, 0.05813758075237274]"
1490,0.075078964,-0.09182358,0.18051529,0.012525469,-0.004049301,0.0024658442,0.08974432945251465,"[46, 45, 39]","[""cockatoo_Scapula_bone_03"", ""cockatoo_Neck_bone_04"", ""cockatoo_Humerus_r_bone_070""]","[0.5, 0.41025570034980774, 0.08974432945251465]"
1686,0.109025,1.2931747,-0.41147614,-0.3787948,0.4092778,0.051646948,0.4369862675666809,"[46, 39, 38, 37]","[""cockatoo_Scapula_bone_03"", ""cockatoo_Humerus_r_bone_070"", ""cockatoo_Ulna_r_bone_071"", ""cockatoo_Metacarpus_r_bone_072""]","[0.5630137920379639, 0.3083271384239197, 0.070762500166893, 0.05789661407470703]"
1687,-0.1356225,-0.7334442,2.9915543,-0.61633337,-0.050970793,0.697325,0.881472110748291,"[39, 46, 37, 38]","[""cockatoo_Humerus_r_bone_070"", ""cockatoo_Scapula_bone_03"", ""cockatoo_Metacarpus_r_bone_072"", ""cockatoo_Ulna_r_bone_071""]","[0.8445093631744385, 0.11852792650461197, 0.024025771766901016, 0.012936956249177456]"
1688,0.22267056,-1.1785698,2.9730759,-0.1460841,-0.3716725,0.2767256,0.8819606900215149,"[39, 46, 37, 38]","[""cockatoo_Humerus_r_bone_070"", ""cockatoo_Scapula_bone_03"", ""cockatoo_Metacarpus_r_bone_072"", ""cockatoo_Ulna_r_bone_071""]","[0.8449774980545044, 0.11803934723138809, 0.024039091542363167, 0.012944127433001995]"
1689,0.21711254,1.0783882,-0.5188408,-0.12816846,0.105938494,-0.09372759,0.43702343106269836,"[46, 39, 38, 37]","[""cockatoo_Scapula_bone_03"", ""cockatoo_Humerus_r_bone_070"", ""cockatoo_Ulna_r_bone_071"", ""cockatoo_Metacarpus_r_bone_072""]","[0.5629765391349792, 0.30835336446762085, 0.07076852023601532, 0.057901531457901]"
1737,-12.262646,3.8802338,-7.7066174,-0.08581188,-0.044504464,-0.10092393,1.0,[34],"[""cockatoo_Metacarpus_l_bone_075""]",[1.0]
1738,-11.980935,4.457527,-7.7627583,0.14165553,0.17525047,-0.2405382,1.0,"[34, 35]","[""cockatoo_Metacarpus_l_bone_075"", ""cockatoo_Ulna_l_bone_074""]","[0.949999988079071, 0.050000011920928955]"
1739,-11.001038,4.94664,-7.8867188,-0.50169426,0.15426254,0.15069832,1.0,"[34, 35]","[""cockatoo_Metacarpus_l_bone_075"", ""cockatoo_Ulna_l_bone_074""]","[0.949999988079071, 0.050000011920928955]"
1740,-11.382814,4.0634155,-7.9204884,-0.54042894,0.4276808,0.11047155,1.0,[34],"[""cockatoo_Metacarpus_l_bone_075""]",[1.0]
1815,17.278217,-1.28582,-14.221897,-0.20425826,-0.7055546,0.54193676,0.9693877696990967,"[39, 46, 83, 50]","[""cockatoo_Humerus_r_bone_070"", ""cockatoo_Scapula_bone_03"", ""cockatoo_Ilium_bone_02"", ""cockatoo_FeatherTail_r_2_bone_0108""]","[0.9693877696990967, 0.01020408421754837, 0.01020408421754837, 0.01020408421754837]"
1816,20.921936,-4.476597,-13.115429,-0.044250607,-0.99396074,0.39223745,0.9206889271736145,"[39, 46]","[""cockatoo_Humerus_r_bone_070"", ""cockatoo_Scapula_bone_03""]","[0.9206889271736145, 0.07931105047464371]"
1823,-0.21281767,-0.7770195,-2.9242659,-0.63232404,-0.106155336,-0.67386746,0.881472110748291,"[36, 46, 34, 35]","[""cockatoo_Humerus_l_bone_073"", ""cockatoo_Scapula_bone_03"", ""cockatoo_Metacarpus_l_bone_075"", ""cockatoo_Ulna_l_bone_074""]","[0.8445093631744385, 0.11852792650461197, 0.024025771766901016, 0.012936956249177456]"
1824,0.13139772,-1.2380905,-2.9087572,-0.15815172,-0.41499883,-0.28828597,0.8819606900215149,"[36, 46, 34, 35]","[""cockatoo_Humerus_l_bone_073"", ""cockatoo_Scapula_bone_03"", ""cockatoo_Metacarpus_l_bone_075"", ""cockatoo_Ulna_l_bone_074""]","[0.8449774980545044, 0.11803934723138809, 0.024039091542363167, 0.012944127433001995]"
1825,-9.611038,4.145565,-6.3602695,-0.40140322,-0.137492,-0.36504406,1.0,"[34, 36, 35]","[""cockatoo_Metacarpus_l_bone_075"", ""cockatoo_Humerus_l_bone_073"", ""cockatoo_Ulna_l_bone_074""]","[0.5, 0.38461539149284363, 0.11538463085889816]"
1826,-10.990208,4.3404884,-7.9460535,-0.31896442,-0.54808414,-0.15064603,0.9999999403953552,"[34, 36, 35]","[""cockatoo_Metacarpus_l_bone_075"", ""cockatoo_Humerus_l_bone_073"", ""cockatoo_Ulna_l_bone_074""]","[0.5500000715255737, 0.34615376591682434, 0.10384614020586014]"
1834,0.23292112,-0.46225357,-2.8973036,-0.29310253,-0.044541597,-0.07972258,0.8828767538070679,"[36, 46, 34, 35]","[""cockatoo_Humerus_l_bone_073"", ""cockatoo_Scapula_bone_03"", ""cockatoo_Metacarpus_l_bone_075"", ""cockatoo_Ulna_l_bone_074""]","[0.8458551168441772, 0.11712323129177094, 0.024064060300588608, 0.012957572937011719]"
1867,15.722304,-2.86409,3.2644796,-0.7027706,-0.73580575,-0.24902964,0.7013434767723083,"[36, 46]","[""cockatoo_Humerus_l_bone_073"", ""cockatoo_Scapula_bone_03""]","[0.7013434767723083, 0.29865649342536926]"
1868,9.779445,-0.63308716,2.0565395,-0.5806788,-0.5245289,-0.14240694,0.5928245186805725,"[36, 46]","[""cockatoo_Humerus_l_bone_073"", ""cockatoo_Scapula_bone_03""]","[0.5928245186805725, 0.4071754813194275]"
1898,-5.606287,3.9545746,-3.3382196,0.032637715,0.36216503,0.25094122,1.0,"[36, 34]","[""cockatoo_Humerus_l_bone_073"", ""cockatoo_Metacarpus_l_bone_075""]","[0.5882352590560913, 0.4117647707462311]"
1899,2.911077,-1.1989479,-3.1953144,-0.030986309,0.38908523,0.46844047,0.9657516479492188,"[36, 46, 34, 35]","[""cockatoo_Humerus_l_bone_073"", ""cockatoo_Scapula_bone_03"", ""cockatoo_Metacarpus_l_bone_075"", ""cockatoo_Ulna_l_bone_074""]","[0.9252548217773438, 0.03424833342432976, 0.02632293291389942, 0.01417388953268528]"
1901,2.0602646,1.613575,-0.17806911,-0.072357714,0.11769003,-0.20833367,0.5075322985649109,"[46, 36, 35, 34]","[""cockatoo_Scapula_bone_03"", ""cockatoo_Humerus_l_bone_073"", ""cockatoo_Ulna_l_bone_074"", ""cockatoo_Metacarpus_l_bone_075""]","[0.4924677610397339, 0.3581027686595917, 0.082186259329319, 0.0672433003783226]"
1902,1.2949319,0.7666626,-0.8547735,0.23940316,0.061371803,0.16014385,0.3904123306274414,"[46, 36, 34, 35]","[""cockatoo_Scapula_bone_03"", ""cockatoo_Humerus_l_bone_073"", ""cockatoo_Metacarpus_l_bone_075"", ""cockatoo_Ulna_l_bone_074""]","[0.6095877289772034, 0.2876755893230438, 0.06677887588739395, 0.035957857966423035]"
1907,0.83956385,0.99897003,0.5816145,0.009917185,-0.124004126,0.43014917,0.45554444193840027,"[46, 36, 35, 34]","[""cockatoo_Scapula_bone_03"", ""cockatoo_Humerus_l_bone_073"", ""cockatoo_Ulna_l_bone_074"", ""cockatoo_Metacarpus_l_bone_075""]","[0.5444555878639221, 0.321421355009079, 0.07376769930124283, 0.060355402529239655]"
1908,-0.040975094,1.6288757,0.3869543,-0.15991536,-0.198964,1.0737734,0.4912244975566864,"[46, 36, 34, 35]","[""cockatoo_Scapula_bone_03"", ""cockatoo_Humerus_l_bone_073"", ""cockatoo_Metacarpus_l_bone_075"", ""cockatoo_Ulna_l_bone_074""]","[0.508775532245636, 0.2425556182861328, 0.14148400723934174, 0.10718486458063126]"
1909,1.4160094,-0.10281372,-0.12578773,-0.15696484,-0.56995535,-0.02516836,0.3611665964126587,"[46, 36, 34, 35]","[""cockatoo_Scapula_bone_03"", ""cockatoo_Humerus_l_bone_073"", ""cockatoo_Metacarpus_l_bone_075"", ""cockatoo_Ulna_l_bone_074""]","[0.6388334631919861, 0.32346147298812866, 0.02450832538306713, 0.013196797110140324]"
1910,3.7585125,3.8275871,0.5041847,0.19087416,-0.7060665,0.88429207,0.7135369777679443,"[36, 46, 35, 34]","[""cockatoo_Humerus_l_bone_073"", ""cockatoo_Scapula_bone_03"", ""cockatoo_Ulna_l_bone_074"", ""cockatoo_Metacarpus_l_bone_075""]","[0.3211438059806824, 0.2864629924297333, 0.21581625938415527, 0.17657694220542908]"
1924,-7.5502863,3.6680527,-5.1902614,-0.13181242,-0.35977867,-0.34837848,1.0,"[34, 36, 35]","[""cockatoo_Metacarpus_l_bone_075"", ""cockatoo_Humerus_l_bone_073"", ""cockatoo_Ulna_l_bone_074""]","[0.45000001788139343, 0.42307689785957336, 0.1269230842590332]"
1925,-3.6917534,3.764267,-2.8133912,-0.09558307,-0.30629405,-0.32533252,1.0,"[36, 34, 35]","[""cockatoo_Humerus_l_bone_073"", ""cockatoo_Metacarpus_l_bone_075"", ""cockatoo_Ulna_l_bone_074""]","[0.5, 0.3499999940395355, 0.15000000596046448]"
1926,-8.8041935,3.4854774,-7.9289618,0.10314602,-0.28253078,-0.26535088,1.0,"[34, 36, 35]","[""cockatoo_Metacarpus_l_bone_075"", ""cockatoo_Humerus_l_bone_073"", ""cockatoo_Ulna_l_bone_074""]","[0.7363636493682861, 0.16363638639450073, 0.09999999403953552]"
1927,-10.23099,3.2588043,-10.743612,0.052981436,-0.29006213,-0.26406804,0.9999998807907104,"[34, 35, 36]","[""cockatoo_Metacarpus_l_bone_075"", ""cockatoo_Ulna_l_bone_074"", ""cockatoo_Humerus_l_bone_073""]","[0.7916666865348816, 0.12499989569187164, 0.0833333358168602]"
1930,-12.67119,3.8221207,-16.10897,-0.24964583,0.25489724,0.16745147,1.0,"[34, 35]","[""cockatoo_Metacarpus_l_bone_075"", ""cockatoo_Ulna_l_bone_074""]","[0.8500000238418579, 0.1499999612569809]"
1931,-12.586645,3.6366577,-16.430042,-0.2367371,0.26428312,0.16572729,1.0,"[34, 35]","[""cockatoo_Metacarpus_l_bone_075"", ""cockatoo_Ulna_l_bone_074""]","[0.8500000238418579, 0.1499999612569809]"
1932,-13.544039,3.5991096,-16.083225,-0.03924179,-0.048633456,-0.3831151,1.0,"[34, 35]","[""cockatoo_Metacarpus_l_bone_075"", ""cockatoo_Ulna_l_bone_074""]","[0.8500000238418579, 0.1499999612569809]"
1933,-13.625208,3.7655945,-15.783773,-0.2066861,-0.069509685,-0.09883668,1.0,"[34, 35]","[""cockatoo_Metacarpus_l_bone_075"", ""cockatoo_Ulna_l_bone_074""]","[0.8500000238418579, 0.1499999612569809]"
1934,15.69927,-0.9193382,-3.3669472,0.27964008,0.35809618,-0.35988718,0.729936420917511,"[39, 46]","[""cockatoo_Humerus_r_bone_070"", ""cockatoo_Scapula_bone_03""]","[0.729936420917511, 0.2700636088848114]"
1935,20.121855,-3.5335274,-13.867004,0.0063289404,-0.38568366,-0.678201,1.0,[39],"[""cockatoo_Humerus_r_bone_070""]",[1.0]
1936,19.078247,-1.9841232,-10.305424,0.33906645,0.5690215,-0.60884583,0.910935640335083,"[39, 46]","[""cockatoo_Humerus_r_bone_070"", ""cockatoo_Scapula_bone_03""]","[0.910935640335083, 0.08906436711549759]"
1937,19.759647,-3.0867004,-10.782761,0.23946655,-0.3790543,-1.0056826,0.9456384778022766,"[39, 46]","[""cockatoo_Humerus_r_bone_070"", ""cockatoo_Scapula_bone_03""]","[0.9456384778022766, 0.05436151847243309]"
1938,-11.743399,3.5369263,-13.2133465,-0.114472866,-0.19497278,-0.26986003,1.0,"[34, 35]","[""cockatoo_Metacarpus_l_bone_075"", ""cockatoo_Ulna_l_bone_074""]","[0.8500000238418579, 0.1499999612569809]"
1939,-12.981671,3.8673477,-14.36569,-0.28177023,0.33844182,-0.48613793,1.0,"[34, 35]","[""cockatoo_Metacarpus_l_bone_075"", ""cockatoo_Ulna_l_bone_074""]","[0.8500000238418579, 0.1499999612569809]"
1940,-12.819037,3.6113968,-14.722628,-0.34931082,0.4122707,-0.54274887,1.0,"[34, 35]","[""cockatoo_Metacarpus_l_bone_075"", ""cockatoo_Ulna_l_bone_074""]","[0.8500000238418579, 0.1499999612569809]"
1941,-11.653962,3.1767998,-13.724262,-0.12316644,-0.17467934,-0.26726767,1.0,"[34, 35]","[""cockatoo_Metacarpus_l_bone_075"", ""cockatoo_Ulna_l_bone_074""]","[0.8500000238418579, 0.1499999612569809]"
1942,-13.358867,3.3963966,-16.383587,-0.13982537,-0.105428815,-0.2452525,1.0,"[34, 35]","[""cockatoo_Metacarpus_l_bone_075"", ""cockatoo_Ulna_l_bone_074""]","[0.8500000238418579, 0.1499999612569809]"
1943,-11.804874,3.2930527,-16.65675,-0.11133844,0.29081511,0.18298039,1.0,"[34, 35]","[""cockatoo_Metacarpus_l_bone_075"", ""cockatoo_Ulna_l_bone_074""]","[0.8500000238418579, 0.1499999612569809]"
1944,-10.947186,3.853485,-13.369835,-0.12782192,0.31342605,0.18864715,0.9999998807907104,"[34, 35, 36]","[""cockatoo_Metacarpus_l_bone_075"", ""cockatoo_Ulna_l_bone_074"", ""cockatoo_Humerus_l_bone_073""]","[0.7916666865348816, 0.12499989569187164, 0.0833333358168602]"
1945,-10.708042,3.5750923,-13.78027,-0.110928655,0.33203077,0.23488402,0.9999998807907104,"[34, 35, 36]","[""cockatoo_Metacarpus_l_bone_075"", ""cockatoo_Ulna_l_bone_074"", ""cockatoo_Humerus_l_bone_073""]","[0.7916666865348816, 0.12499989569187164, 0.0833333358168602]"
1946,-9.465002,3.9496765,-10.707686,-0.17080697,0.40709952,0.2538018,1.0,"[34, 36, 35]","[""cockatoo_Metacarpus_l_bone_075"", ""cockatoo_Humerus_l_bone_073"", ""cockatoo_Ulna_l_bone_074""]","[0.7363636493682861, 0.16363638639450073, 0.09999999403953552]"
1947,-9.700442,4.2993584,-10.27062,-0.18890503,0.3793214,0.20972773,1.0,"[34, 36, 35]","[""cockatoo_Metacarpus_l_bone_075"", ""cockatoo_Humerus_l_bone_073"", ""cockatoo_Ulna_l_bone_074""]","[0.7363636493682861, 0.16363638639450073, 0.09999999403953552]"
1948,7.17754,6.098629,10.118532,-0.06366283,0.6203337,0.41183698,1.0,"[36, 34, 35]","[""cockatoo_Humerus_l_bone_073"", ""cockatoo_Metacarpus_l_bone_075"", ""cockatoo_Ulna_l_bone_074""]","[0.7947515249252319, 0.11975356191396713, 0.08549495041370392]"
1949,-3.7701416,5.33305,-1.9468107,-0.110634685,0.5459982,0.35100403,1.0,"[34, 36, 35]","[""cockatoo_Metacarpus_l_bone_075"", ""cockatoo_Humerus_l_bone_073"", ""cockatoo_Ulna_l_bone_074""]","[0.5115385055541992, 0.438461571931839, 0.05000000819563866]"
1950,-4.422695,6.3888817,-2.484692,-0.1439839,0.4652293,0.3019368,1.0,"[34, 36, 35]","[""cockatoo_Metacarpus_l_bone_075"", ""cockatoo_Humerus_l_bone_073"", ""cockatoo_Ulna_l_bone_074""]","[0.48461535573005676, 0.4153846204280853, 0.10000000894069672]"
1951,-9.250231,3.317402,-9.505093,0.12230539,-0.38776773,-0.2890013,0.9999998807907104,"[34, 35, 36]","[""cockatoo_Metacarpus_l_bone_075"", ""cockatoo_Ulna_l_bone_074"", ""cockatoo_Humerus_l_bone_073""]","[0.7916666865348816, 0.12499989569187164, 0.0833333358168602]"
1952,-10.27501,3.069172,-12.794771,0.051864326,-0.30307227,-0.24831507,1.0,"[34, 35]","[""cockatoo_Metacarpus_l_bone_075"", ""cockatoo_Ulna_l_bone_074""]","[0.8500000238418579, 0.1499999612569809]"
1953,-10.788244,4.0742073,-4.491872,0.077864945,-0.3070685,-0.18487841,1.0,[34],"[""cockatoo_Metacarpus_l_bone_075""]",[1.0]
1954,-11.768113,3.8691483,-12.586163,-0.10566771,-0.16009721,-0.26049224,1.0,"[34, 35]","[""cockatoo_Metacarpus_l_bone_075"", ""cockatoo_Ulna_l_bone_074""]","[0.8500000238418579, 0.1499999612569809]"
1959,0.1792779,0.9742584,0.42149734,-0.1412615,0.104175985,0.0802058,0.43702343106269836,"[46, 36, 35, 34]","[""cockatoo_Scapula_bone_03"", ""cockatoo_Humerus_l_bone_073"", ""cockatoo_Ulna_l_bone_074"", ""cockatoo_Metacarpus_l_bone_075""]","[0.5629765391349792, 0.30835336446762085, 0.07076852023601532, 0.057901531457901]"
1960,0.39762497,2.389782,-0.023287773,-0.022756383,0.04158473,0.2867606,0.5138977766036987,"[46, 36, 34, 35]","[""cockatoo_Scapula_bone_03"", ""cockatoo_Humerus_l_bone_073"", ""cockatoo_Metacarpus_l_bone_075"", ""cockatoo_Ulna_l_bone_074""]","[0.48610225319862366, 0.35391074419021606, 0.1039915606379509, 0.055995456874370575]"
1961,0.079460144,1.1924171,0.31641388,-0.3886346,0.39978164,-0.07229477,0.4369862675666809,"[46, 36, 35, 34]","[""cockatoo_Scapula_bone_03"", ""cockatoo_Humerus_l_bone_073"", ""cockatoo_Ulna_l_bone_074"", ""cockatoo_Metacarpus_l_bone_075""]","[0.5630137920379639, 0.3083271384239197, 0.070762500166893, 0.05789661407470703]"
1962,9.051106,0.8290405,2.7480955,0.09456849,-0.06914872,-0.023959488,0.5690370798110962,"[36, 46]","[""cockatoo_Humerus_l_bone_073"", ""cockatoo_Scapula_bone_03""]","[0.5690370798110962, 0.4309629201889038]"
1963,3.315672,4.538803,0.21870041,0.1516226,0.41547105,0.43160003,0.9776272773742676,"[36, 34, 35, 46]","[""cockatoo_Humerus_l_bone_073"", ""cockatoo_Metacarpus_l_bone_075"", ""cockatoo_Ulna_l_bone_074"", ""cockatoo_Scapula_bone_03""]","[0.660569965839386, 0.21302922070026398, 0.1040281355381012, 0.022372625768184662]"
1964,2.436514,1.468193,-0.40330648,-0.057700068,-0.4573194,-0.41851705,0.9716603755950928,"[36, 34, 46]","[""cockatoo_Humerus_l_bone_073"", ""cockatoo_Metacarpus_l_bone_075"", ""cockatoo_Scapula_bone_03""]","[0.6499999761581421, 0.32166042923927307, 0.02833959460258484]"
1965,13.681767,-0.98270416,6.689343,-0.29610762,-0.51244414,-0.5483195,0.9827085137367249,"[36, 46]","[""cockatoo_Humerus_l_bone_073"", ""cockatoo_Scapula_bone_03""]","[0.9827085137367249, 0.017291458323597908]"
1966,8.561762,2.75383,9.857329,-0.18068919,-0.51819646,-0.516155,0.9793749451637268,"[36, 34, 35, 46]","[""cockatoo_Humerus_l_bone_073"", ""cockatoo_Metacarpus_l_bone_075"", ""cockatoo_Ulna_l_bone_074"", ""cockatoo_Scapula_bone_03""]","[0.7760181427001953, 0.15896198153495789, 0.044394783675670624, 0.02062508650124073]"
1967,-2.6718998,5.299961,-1.791317,-0.056136727,-0.43549633,-0.44019282,1.0,"[34, 36, 35]","[""cockatoo_Metacarpus_l_bone_075"", ""cockatoo_Humerus_l_bone_073"", ""cockatoo_Ulna_l_bone_074""]","[0.4576922655105591, 0.39230769872665405, 0.15000003576278687]"
1970,8.198494,3.2387123,11.8330555,-0.119610906,-0.52864826,-0.50613177,1.0,"[36, 34, 35]","[""cockatoo_Humerus_l_bone_073"", ""cockatoo_Metacarpus_l_bone_075"", ""cockatoo_Ulna_l_bone_074""]","[0.8046643733978271, 0.15269193053245544, 0.04264369606971741]"
1971,7.360218,3.8826103,12.593706,-0.0037983656,-0.5319298,-0.48114976,1.0,"[36, 34, 35]","[""cockatoo_Humerus_l_bone_073"", ""cockatoo_Metacarpus_l_bone_075"", ""cockatoo_Ulna_l_bone_074""]","[0.765984058380127, 0.1829279661178589, 0.051087964326143265]"
1972,-3.6709576,3.9379578,-0.18170166,0.14615607,-0.48081008,-0.361103,1.0000001192092896,"[34, 36, 35]","[""cockatoo_Metacarpus_l_bone_075"", ""cockatoo_Humerus_l_bone_073"", ""cockatoo_Ulna_l_bone_074""]","[0.6128097176551819, 0.34628060460090637, 0.04090973362326622]"
1973,-3.087803,5.8269196,-1.0247574,-0.018332124,-0.3980503,-0.42396113,1.0,"[34, 36, 35]","[""cockatoo_Metacarpus_l_bone_075"", ""cockatoo_Humerus_l_bone_073"", ""cockatoo_Ulna_l_bone_074""]","[0.45769229531288147, 0.39230769872665405, 0.14999999105930328]"
1978,2.7601357,4.07769,12.403478,0.22751081,-0.6021543,-0.26749128,1.0,"[36, 34, 35]","[""cockatoo_Humerus_l_bone_073"", ""cockatoo_Metacarpus_l_bone_075"", ""cockatoo_Ulna_l_bone_074""]","[0.5769177079200745, 0.39407047629356384, 0.029011840000748634]"
1979,0.8717632,5.2695847,10.512317,0.3180791,-0.56087303,-0.08377114,1.0,"[34, 36, 35]","[""cockatoo_Metacarpus_l_bone_075"", ""cockatoo_Humerus_l_bone_073"", ""cockatoo_Ulna_l_bone_074""]","[0.4800570607185364, 0.42953458428382874, 0.09040834754705429]"
1980,-5.7933655,5.3227463,-1.6393757,0.21142268,-0.39930785,-0.21680608,0.9999999403953552,"[34, 36, 35]","[""cockatoo_Metacarpus_l_bone_075"", ""cockatoo_Humerus_l_bone_073"", ""cockatoo_Ulna_l_bone_074""]","[0.6176135540008545, 0.2500406503677368, 0.1323457509279251]"
1981,1.050828,-0.85055923,-0.24601555,0.20472851,0.040260553,-0.07190049,0.2655404210090637,"[46, 36, 35]","[""cockatoo_Scapula_bone_03"", ""cockatoo_Humerus_l_bone_073"", ""cockatoo_Ulna_l_bone_074""]","[0.7344595789909363, 0.18954044580459595, 0.07599998265504837]"
1983,15.84199,-3.8547173,1.9250517,0.011640817,-0.28947663,-0.5251626,0.5968354344367981,"[36, 46]","[""cockatoo_Humerus_l_bone_073"", ""cockatoo_Scapula_bone_03""]","[0.5968354344367981, 0.4031645655632019]"
1986,20.904814,-4.313919,13.101317,-0.045436144,-1.0019472,-0.38952976,0.9206889271736145,"[36, 46]","[""cockatoo_Humerus_l_bone_073"", ""cockatoo_Scapula_bone_03""]","[0.9206889271736145, 0.07931105047464371]"
1987,21.525835,-4.75132,13.148262,0.36030585,-1.2431018,-0.3269477,0.9340053796768188,"[36, 46]","[""cockatoo_Humerus_l_bone_073"", ""cockatoo_Scapula_bone_03""]","[0.9340053796768188, 0.06599464267492294]"
1990,19.934925,-2.5775108,7.009779,0.10001469,0.7945515,0.39174688,0.878351628780365,"[36, 46]","[""cockatoo_Humerus_l_bone_073"", ""cockatoo_Scapula_bone_03""]","[0.878351628780365, 0.1216483786702156]"
1991,20.58105,-3.1437492,6.9820647,0.29545677,0.60953593,0.5344353,0.894538164138794,"[36, 46]","[""cockatoo_Humerus_l_bone_073"", ""cockatoo_Scapula_bone_03""]","[0.894538164138794, 0.10546185821294785]"
1992,19.021818,-1.777031,4.7414784,0.3756283,0.27828518,0.49410048,0.7495394945144653,"[36, 46]","[""cockatoo_Humerus_l_bone_073"", ""cockatoo_Scapula_bone_03""]","[0.7495394945144653, 0.25046053528785706]"
1993,18.79837,-1.6828918,4.688792,0.2391507,0.5276985,0.40357593,0.7497698664665222,"[36, 46]","[""cockatoo_Humerus_l_bone_073"", ""cockatoo_Scapula_bone_03""]","[0.7497698664665222, 0.2502301335334778]"
1994,19.805788,-2.7261353,13.518984,0.18001652,0.6324408,0.4939942,0.9846150875091553,"[36, 46]","[""cockatoo_Humerus_l_bone_073"", ""cockatoo_Scapula_bone_03""]","[0.9846150875091553, 0.015384888276457787]"
1995,13.43515,-2.316494,11.420424,-0.1190328,0.6132116,0.30139923,1.0,"[36, 34, 35]","[""cockatoo_Humerus_l_bone_073"", ""cockatoo_Metacarpus_l_bone_075"", ""cockatoo_Ulna_l_bone_074""]","[0.809866726398468, 0.14149057865142822, 0.048642728477716446]"
1998,18.529123,-3.3035698,-21.023724,0.7270534,-0.7232742,0.30784,1.0,"[39, 37, 38]","[""cockatoo_Humerus_r_bone_070"", ""cockatoo_Metacarpus_r_bone_072"", ""cockatoo_Ulna_r_bone_071""]","[0.8183732032775879, 0.12333786487579346, 0.05828890576958656]"
1999,10.841932,-3.0623665,2.1179276,-0.19803655,-0.72185135,-0.24850398,0.4684654772281647,"[46, 36, 47, 34]","[""cockatoo_Scapula_bone_03"", ""cockatoo_Humerus_l_bone_073"", ""cockatoo_FeatherTail_l_1_bone_0111"", ""cockatoo_Metacarpus_l_bone_075""]","[0.5187997221946716, 0.455730676651001, 0.012734807096421719, 0.012734807096421719]"
2000,8.626854,0.61395645,17.5844,0.2214827,-0.760924,-0.12958857,1.0,"[36, 34]","[""cockatoo_Humerus_l_bone_073"", ""cockatoo_Metacarpus_l_bone_075""]","[0.5517444014549255, 0.44825562834739685]"
2005,-7.4735117,3.9275017,5.702778,-0.13522857,-0.3444833,0.340666,1.0,"[37, 39, 38]","[""cockatoo_Metacarpus_r_bone_072"", ""cockatoo_Humerus_r_bone_070"", ""cockatoo_Ulna_r_bone_071""]","[0.45000001788139343, 0.42307689785957336, 0.1269230842590332]"
2006,-3.6370802,3.9960518,3.2668839,-0.100801006,-0.29388076,0.31866604,1.0,"[39, 37, 38]","[""cockatoo_Humerus_r_bone_070"", ""cockatoo_Metacarpus_r_bone_072"", ""cockatoo_Ulna_r_bone_071""]","[0.5, 0.3499999940395355, 0.15000000596046448]"
2007,2.2126584,2.687191,0.98109055,0.02565489,0.034561753,-0.116890416,0.6168616414070129,"[39, 46, 37, 38]","[""cockatoo_Humerus_r_bone_070"", ""cockatoo_Scapula_bone_03"", ""cockatoo_Metacarpus_r_bone_072"", ""cockatoo_Ulna_r_bone_071""]","[0.42484498023986816, 0.38313838839530945, 0.1248108446598053, 0.06720584630966187]"
2008,0.45206308,2.5414848,-0.015167236,-0.028247893,0.039604664,-0.2948138,0.5138977766036987,"[46, 39, 37, 38]","[""cockatoo_Scapula_bone_03"", ""cockatoo_Humerus_r_bone_070"", ""cockatoo_Metacarpus_r_bone_072"", ""cockatoo_Ulna_r_bone_071""]","[0.48610225319862366, 0.35391074419021606, 0.1039915606379509, 0.055995456874370575]"
2012,-9.033495,2.822132,-10.296839,0.12056717,-0.3524475,-0.29715276,0.9999998807907104,"[34, 35, 36]","[""cockatoo_Metacarpus_l_bone_075"", ""cockatoo_Ulna_l_bone_074"", ""cockatoo_Humerus_l_bone_073""]","[0.7916666865348816, 0.12499989569187164, 0.0833333358168602]"
2013,-10.191948,2.5845108,-13.433319,0.060774148,-0.31607544,-0.25991648,1.0,"[34, 35]","[""cockatoo_Metacarpus_l_bone_075"", ""cockatoo_Ulna_l_bone_074""]","[0.8500000238418579, 0.1499999612569809]"
2014,19.893867,-4.6326714,8.399921,-0.2691965,-0.72692955,-0.58857775,1.0,[36],"[""cockatoo_Humerus_l_bone_073""]",[1.0]
2015,21.241087,-5.1163406,8.983684,-0.14397833,-0.90007675,-0.43295595,0.8679054379463196,"[36, 46]","[""cockatoo_Humerus_l_bone_073"", ""cockatoo_Scapula_bone_03""]","[0.8679054379463196, 0.13209456205368042]"
2016,17.224182,-1.1357536,14.204239,-0.20272899,-0.71706164,-0.5400442,0.9693877696990967,"[36, 46, 83, 47]","[""cockatoo_Humerus_l_bone_073"", ""cockatoo_Scapula_bone_03"", ""cockatoo_Ilium_bone_02"", ""cockatoo_FeatherTail_l_1_bone_0111""]","[0.9693877696990967, 0.01020408421754837, 0.01020408421754837, 0.01020408421754837]"
2017,16.28389,-0.21020508,17.456125,-0.03577137,-0.7555931,-0.47333732,1.0,"[36, 34]","[""cockatoo_Humerus_l_bone_073"", ""cockatoo_Metacarpus_l_bone_075""]","[0.9676339030265808, 0.03236611932516098]"
2018,17.130838,-0.7506447,16.316961,-0.13885319,-0.7760278,-0.520715,1.0,[36],"[""cockatoo_Humerus_l_bone_073""]",[1.0]
2019,-9.250231,3.317402,-9.505093,0.05953598,-0.2666095,-0.2642675,0.9999998807907104,"[34, 35, 36]","[""cockatoo_Metacarpus_l_bone_075"", ""cockatoo_Ulna_l_bone_074"", ""cockatoo_Humerus_l_bone_073""]","[0.7916666865348816, 0.12499989569187164, 0.0833333358168602]"
2020,-9.033495,2.822132,-10.296839,0.11392656,-0.23800361,-0.21239686,0.9999998807907104,"[34, 35, 36]","[""cockatoo_Metacarpus_l_bone_075"", ""cockatoo_Ulna_l_bone_074"", ""cockatoo_Humerus_l_bone_073""]","[0.7916666865348816, 0.12499989569187164, 0.0833333358168602]"
2022,-8.8041935,3.4854774,-7.9289618,0.15126145,-0.37209105,-0.29169118,1.0,"[34, 36, 35]","[""cockatoo_Metacarpus_l_bone_075"", ""cockatoo_Humerus_l_bone_073"", ""cockatoo_Ulna_l_bone_074""]","[0.7363636493682861, 0.16363638639450073, 0.09999999403953552]"
2023,8.1736355,4.0086555,10.775063,-0.16146219,0.7611857,0.19648433,1.0,"[36, 34, 35]","[""cockatoo_Humerus_l_bone_073"", ""cockatoo_Metacarpus_l_bone_075"", ""cockatoo_Ulna_l_bone_074""]","[0.7302215695381165, 0.20328958332538605, 0.0664888471364975]"
2024,11.08843,1.8414459,17.96134,0.13881534,-0.72737026,-0.26971143,0.9899572134017944,"[36, 34, 35, 46]","[""cockatoo_Humerus_l_bone_073"", ""cockatoo_Metacarpus_l_bone_075"", ""cockatoo_Ulna_l_bone_074"", ""cockatoo_Scapula_bone_03""]","[0.7200000286102295, 0.25090470910072327, 0.01905251108109951, 0.010042741894721985]"
2025,-8.689464,2.7760468,-4.2774734,0.21239775,-0.387659,-0.15096095,1.0,[34],"[""cockatoo_Metacarpus_l_bone_075""]",[1.0]
2026,15.683179,-0.820034,3.395792,0.2804948,0.37325263,0.36135733,0.729936420917511,"[36, 46]","[""cockatoo_Humerus_l_bone_073"", ""cockatoo_Scapula_bone_03""]","[0.729936420917511, 0.2700636088848114]"
2027,9.525,1.8606682,-2.809515,-0.35981292,-0.07755977,0.13482898,0.6975620985031128,"[39, 46, 38, 37]","[""cockatoo_Humerus_r_bone_070"", ""cockatoo_Scapula_bone_03"", ""cockatoo_Ulna_r_bone_071"", ""cockatoo_Metacarpus_r_bone_072""]","[0.5135725140571594, 0.302437961101532, 0.16158190369606018, 0.022407621145248413]"
2028,3.8881302,4.4404182,-0.4493866,0.12730601,-0.18162745,-0.6578008,0.7135369777679443,"[39, 46, 38, 37]","[""cockatoo_Humerus_r_bone_070"", ""cockatoo_Scapula_bone_03"", ""cockatoo_Ulna_r_bone_071"", ""cockatoo_Metacarpus_r_bone_072""]","[0.3211438059806824, 0.2864629924297333, 0.21581625938415527, 0.17657694220542908]"
2029,2.2126584,2.687191,0.98109055,0.029280782,0.021672487,-0.33284497,0.6168616414070129,"[39, 46, 37, 38]","[""cockatoo_Humerus_r_bone_070"", ""cockatoo_Scapula_bone_03"", ""cockatoo_Metacarpus_r_bone_072"", ""cockatoo_Ulna_r_bone_071""]","[0.42484498023986816, 0.38313838839530945, 0.1248108446598053, 0.06720584630966187]"
2030,9.441885,1.6738014,2.877349,-0.35929382,-0.07610643,-0.13446951,0.6975620985031128,"[36, 46, 35, 34]","[""cockatoo_Humerus_l_bone_073"", ""cockatoo_Scapula_bone_03"", ""cockatoo_Ulna_l_bone_074"", ""cockatoo_Metacarpus_l_bone_075""]","[0.5135725140571594, 0.302437961101532, 0.16158190369606018, 0.022407621145248413]"
2031,2.1445417,2.4904518,-0.9413872,0.034468174,0.020082474,0.3335948,0.6168616414070129,"[36, 46, 34, 35]","[""cockatoo_Humerus_l_bone_073"", ""cockatoo_Scapula_bone_03"", ""cockatoo_Metacarpus_l_bone_075"", ""cockatoo_Ulna_l_bone_074""]","[0.42484498023986816, 0.38313838839530945, 0.1248108446598053, 0.06720584630966187]"
2032,3.7585125,3.8275871,0.5041847,0.085976824,-0.12508166,0.612677,0.7135369777679443,"[36, 46, 35, 34]","[""cockatoo_Humerus_l_bone_073"", ""cockatoo_Scapula_bone_03"", ""cockatoo_Ulna_l_bone_074"", ""cockatoo_Metacarpus_l_bone_075""]","[0.3211438059806824, 0.2864629924297333, 0.21581625938415527, 0.17657694220542908]"
2033,13.8727455,-2.4129982,11.658969,1.5850658,-0.5934621,-0.4659444,1.0,"[36, 34, 35]","[""cockatoo_Humerus_l_bone_073"", ""cockatoo_Metacarpus_l_bone_075"", ""cockatoo_Ulna_l_bone_074""]","[0.8187749981880188, 0.12108874320983887, 0.06013624370098114]"
2034,-11.729691,4.312088,-18.517025,-0.60727406,0.1917336,0.04837619,1.0,"[34, 35]","[""cockatoo_Metacarpus_l_bone_075"", ""cockatoo_Ulna_l_bone_074""]","[0.7999982833862305, 0.20000171661376953]"
2035,-10.410049,4.9279404,-7.5533237,-0.5493339,0.0975973,0.20047224,1.0,"[34, 35]","[""cockatoo_Metacarpus_l_bone_075"", ""cockatoo_Ulna_l_bone_074""]","[0.949999988079071, 0.050000011920928955]"
2036,-10.986362,4.5334015,-7.4918804,-0.49819285,-0.14259648,0.28611332,1.0,"[34, 35]","[""cockatoo_Metacarpus_l_bone_075"", ""cockatoo_Ulna_l_bone_074""]","[0.949999988079071, 0.050000011920928955]"
2037,-12.042526,4.122139,-18.411068,-1.0937184,-0.07553345,0.08646361,1.0,"[34, 35]","[""cockatoo_Metacarpus_l_bone_075"", ""cockatoo_Ulna_l_bone_074""]","[0.7999985814094543, 0.20000143349170685]"
2039,2.6661625,-1.2611275,0.4920578,-0.056817412,-0.07324499,-0.3578395,0.2795461118221283,"[46, 36, 83, 34]","[""cockatoo_Scapula_bone_03"", ""cockatoo_Humerus_l_bone_073"", ""cockatoo_Ilium_bone_02"", ""cockatoo_Metacarpus_l_bone_075""]","[0.6968170404434204, 0.2559092342853546, 0.023636873811483383, 0.023636873811483383]"
2040,15.283211,-2.2742043,3.3701801,0.09325299,-0.62984085,0.015758157,0.5959711670875549,"[36, 46]","[""cockatoo_Humerus_l_bone_073"", ""cockatoo_Scapula_bone_03""]","[0.5959711670875549, 0.40402883291244507]"
2041,10.832814,-2.668522,3.6403217,-0.020426132,-0.5370954,-0.27752268,0.47383835911750793,"[46, 36, 43, 47]","[""cockatoo_Scapula_bone_03"", ""cockatoo_Humerus_l_bone_073"", ""cockatoo_Head_bone_06"", ""cockatoo_FeatherTail_l_1_bone_0111""]","[0.5054223537445068, 0.47383835911750793, 0.010369653813540936, 0.010369653813540936]"
2042,10.86955,-2.6344643,3.3866234,0.26615083,-0.22678441,-0.47607315,0.47564569115638733,"[46, 36]","[""cockatoo_Scapula_bone_03"", ""cockatoo_Humerus_l_bone_073""]","[0.5243542790412903, 0.47564569115638733]"
2043,0.15760088,-0.19162369,-0.09704018,0.0012689531,-0.017036855,0.0044251084,0.05101597309112549,"[46, 17, 36]","[""cockatoo_Scapula_bone_03"", ""cockatoo_Femur_l_bone_092"", ""cockatoo_Humerus_l_bone_073""]","[0.6691675782203674, 0.2798164486885071, 0.05101597309112549]"
2046,2.0598454,-1.5898857,0.4792633,0.55974245,0.07680231,-0.19969293,0.3711162507534027,"[46, 36, 35, 34]","[""cockatoo_Scapula_bone_03"", ""cockatoo_Humerus_l_bone_073"", ""cockatoo_Ulna_l_bone_074"", ""cockatoo_Metacarpus_l_bone_075""]","[0.6288837790489197, 0.1671680063009262, 0.1631585955619812, 0.04078962281346321]"
2048,9.836374,-0.6487465,-2.0280075,-0.57814693,-0.5220419,0.1446104,0.5928245186805725,"[39, 46]","[""cockatoo_Humerus_r_bone_070"", ""cockatoo_Scapula_bone_03""]","[0.5928245186805725, 0.4071754813194275]"
2050,15.283211,-2.2742043,3.3701801,0.46974286,-0.16256016,-0.7396168,0.5959711670875549,"[36, 46]","[""cockatoo_Humerus_l_bone_073"", ""cockatoo_Scapula_bone_03""]","[0.5959711670875549, 0.40402883291244507]"
2051,18.704939,-2.6455002,3.1827955,0.8940535,-0.27103615,-0.5568624,0.6990209221839905,"[36, 46]","[""cockatoo_Humerus_l_bone_073"", ""cockatoo_Scapula_bone_03""]","[0.6990209221839905, 0.30097904801368713]"
2052,22.247961,-5.8395996,8.994052,0.35660142,-1.0868623,-0.36154172,0.8976870775222778,"[36, 46]","[""cockatoo_Humerus_l_bone_073"", ""cockatoo_Scapula_bone_03""]","[0.8976870775222778, 0.10231290757656097]"
2053,21.064085,-3.9679642,7.146599,1.377077,-0.48161918,-0.43590328,0.9171478152275085,"[36, 46]","[""cockatoo_Humerus_l_bone_073"", ""cockatoo_Scapula_bone_03""]","[0.9171478152275085, 0.08285219222307205]"
2054,19.783043,-2.8987122,10.751331,1.3126739,-0.7968239,-0.5033765,0.9456384778022766,"[36, 46]","[""cockatoo_Humerus_l_bone_073"", ""cockatoo_Scapula_bone_03""]","[0.9456384778022766, 0.05436151847243309]"
2055,19.007153,-1.9552574,4.8817334,0.6525604,0.19997531,0.39447725,0.7494406700134277,"[36, 46]","[""cockatoo_Humerus_l_bone_073"", ""cockatoo_Scapula_bone_03""]","[0.7494406700134277, 0.25055932998657227]"
2056,-10.993589,8.271885,-7.996475,0.29011452,-0.38649046,0.20983535,1.0,"[34, 35, 36]","[""cockatoo_Metacarpus_l_bone_075"", ""cockatoo_Ulna_l_bone_074"", ""cockatoo_Humerus_l_bone_073""]","[0.6749999523162842, 0.22499999403953552, 0.10000000149011612]"
2057,-10.986362,4.5334015,-7.4918804,-0.0027869046,-0.032610953,0.19043164,1.0,"[34, 35]","[""cockatoo_Metacarpus_l_bone_075"", ""cockatoo_Ulna_l_bone_074""]","[0.949999988079071, 0.050000011920928955]"
2058,10.832814,-2.668522,3.6403217,0.3216577,-0.13285595,-0.20740086,0.47383835911750793,"[46, 36, 43, 47]","[""cockatoo_Scapula_bone_03"", ""cockatoo_Humerus_l_bone_073"", ""cockatoo_Head_bone_06"", ""cockatoo_FeatherTail_l_1_bone_0111""]","[0.5054223537445068, 0.47383835911750793, 0.010369653813540936, 0.010369653813540936]"
2063,1.57127,-0.5045204,0.015130997,0.020341754,-0.012279332,-0.2251513,0.21710249781608582,"[46, 36, 83, 43]","[""cockatoo_Scapula_bone_03"", ""cockatoo_Humerus_l_bone_073"", ""cockatoo_Ilium_bone_02"", ""cockatoo_Head_bone_06""]","[0.6973848938941956, 0.21710249781608582, 0.04275628551840782, 0.04275628551840782]"
2064,18.704939,-2.6455002,3.1827955,0.3016289,-0.62529904,0.4542036,0.6990209221839905,"[36, 46]","[""cockatoo_Humerus_l_bone_073"", ""cockatoo_Scapula_bone_03""]","[0.6990209221839905, 0.30097904801368713]"
2066,0.16002363,-0.19369125,0.06353378,0.004515618,-0.015102357,-0.005093336,0.05101597309112549,"[46, 33, 39]","[""cockatoo_Scapula_bone_03"", ""cockatoo_Femur_R_bone_076"", ""cockatoo_Humerus_r_bone_070""]","[0.6691675782203674, 0.2798164486885071, 0.05101597309112549]"
2069,20.139997,-3.3465652,13.805289,0.0048285127,-0.36965048,0.66878325,1.0,[36],"[""cockatoo_Humerus_l_bone_073""]",[1.0]
2070,19.783043,-2.8987122,10.751331,0.23891866,-0.34484005,0.9977588,0.9456384778022766,"[36, 46]","[""cockatoo_Humerus_l_bone_073"", ""cockatoo_Scapula_bone_03""]","[0.9456384778022766, 0.05436151847243309]"
2071,19.100702,-1.7927055,10.287439,0.33857352,0.5851464,0.6046702,0.910935640335083,"[36, 46]","[""cockatoo_Humerus_l_bone_073"", ""cockatoo_Scapula_bone_03""]","[0.910935640335083, 0.08906436711549759]"
2073,19.007153,-1.9552574,4.8817334,0.5266522,0.2004109,0.41006467,0.7494406700134277,"[36, 46]","[""cockatoo_Humerus_l_bone_073"", ""cockatoo_Scapula_bone_03""]","[0.7494406700134277, 0.25055932998657227]"
2078,-13.44146,10.022587,-18.210758,-1.1024027,-0.113648,0.23838371,1.0,"[34, 35, 36]","[""cockatoo_Metacarpus_l_bone_075"", ""cockatoo_Ulna_l_bone_074"", ""cockatoo_Humerus_l_bone_073""]","[0.6749999523162842, 0.22499999403953552, 0.10000000149011612]"
2079,-13.068615,10.142063,-18.368687,-0.5565743,0.26071268,0.03965027,1.0,"[34, 35, 36]","[""cockatoo_Metacarpus_l_bone_075"", ""cockatoo_Ulna_l_bone_074"", ""cockatoo_Humerus_l_bone_073""]","[0.6749999523162842, 0.22499999403953552, 0.10000000149011612]"
2080,-11.334665,8.423359,9.108986,0.06226504,-0.09573409,-0.2025558,1.0,"[37, 38, 39]","[""cockatoo_Metacarpus_r_bone_072"", ""cockatoo_Ulna_r_bone_071"", ""cockatoo_Humerus_r_bone_070""]","[0.6749999523162842, 0.22499999403953552, 0.10000000149011612]"
2081,-10.965269,8.303768,8.922096,0.28458792,-0.37187648,-0.20030123,1.0,"[37, 38, 39]","[""cockatoo_Metacarpus_r_bone_072"", ""cockatoo_Ulna_r_bone_071"", ""cockatoo_Humerus_r_bone_070""]","[0.6749999523162842, 0.22499999403953552, 0.10000000149011612]"
2086,-11.810139,4.3135757,-5.5744247,-0.25955456,0.55808234,-0.29301727,1.0,[34],"[""cockatoo_Metacarpus_l_bone_075""]",[1.0]
2087,-10.924702,4.8276253,-8.645876,-0.39193988,-0.10788298,-0.054333,0.9999999403953552,"[34, 36, 35]","[""cockatoo_Metacarpus_l_bone_075"", ""cockatoo_Humerus_l_bone_073"", ""cockatoo_Ulna_l_bone_074""]","[0.5500000715255737, 0.34615376591682434, 0.10384614020586014]"
2088,2.1445417,2.4904518,-0.9413872,0.030520111,0.032564044,0.11177492,0.6168616414070129,"[36, 46, 34, 35]","[""cockatoo_Humerus_l_bone_073"", ""cockatoo_Scapula_bone_03"", ""cockatoo_Metacarpus_l_bone_075"", ""cockatoo_Ulna_l_bone_074""]","[0.42484498023986816, 0.38313838839530945, 0.1248108446598053, 0.06720584630966187]"
2096,-3.6917534,3.764267,-2.8133912,-0.08353475,-0.37733904,-0.3590712,1.0,"[36, 34, 35]","[""cockatoo_Humerus_l_bone_073"", ""cockatoo_Metacarpus_l_bone_075"", ""cockatoo_Ulna_l_bone_074""]","[0.5, 0.3499999940395355, 0.15000000596046448]"
2123,7.3923244,3.8254013,-12.45768,-0.011296511,-0.517981,0.48345688,1.0,"[39, 37, 38]","[""cockatoo_Humerus_r_bone_070"", ""cockatoo_Metacarpus_r_bone_072"", ""cockatoo_Ulna_r_bone_071""]","[0.765984058380127, 0.1829279661178589, 0.051087964326143265]"
2152,18.693039,-2.7625694,-3.1914406,0.30271545,-0.6303385,-0.4532206,0.6990209221839905,"[39, 46]","[""cockatoo_Humerus_r_bone_070"", ""cockatoo_Scapula_bone_03""]","[0.6990209221839905, 0.30097904801368713]"
2154,1.57127,-0.5045204,0.015130997,-0.044024527,-0.08278781,-0.2638034,0.21710249781608582,"[46, 36, 83, 43]","[""cockatoo_Scapula_bone_03"", ""cockatoo_Humerus_l_bone_073"", ""cockatoo_Ilium_bone_02"", ""cockatoo_Head_bone_06""]","[0.6973848938941956, 0.21710249781608582, 0.04275628551840782, 0.04275628551840782]"
2157,0.3095231,-0.43449402,2.9629211,-0.26264358,-0.04887396,0.087019175,0.8828767538070679,"[39, 46, 37, 38]","[""cockatoo_Humerus_r_bone_070"", ""cockatoo_Scapula_bone_03"", ""cockatoo_Metacarpus_r_bone_072"", ""cockatoo_Ulna_r_bone_071""]","[0.8458551168441772, 0.11712323129177094, 0.024064060300588608, 0.012957572937011719]"
2158,-10.823199,5.10841,9.199448,-0.3869775,-0.105870426,0.051302433,0.9999999403953552,"[37, 39, 38]","[""cockatoo_Metacarpus_r_bone_072"", ""cockatoo_Humerus_r_bone_070"", ""cockatoo_Ulna_r_bone_071""]","[0.5500000715255737, 0.34615376591682434, 0.10384614020586014]"
2159,-10.883041,4.619049,8.506805,-0.29717505,-0.53470474,0.12420025,0.9999999403953552,"[37, 39, 38]","[""cockatoo_Metacarpus_r_bone_072"", ""cockatoo_Humerus_r_bone_070"", ""cockatoo_Ulna_r_bone_071""]","[0.5500000715255737, 0.34615376591682434, 0.10384614020586014]"
2164,18.390257,-1.1174622,10.061068,0.17155248,0.7524836,0.49138203,0.8904690742492676,"[36, 46]","[""cockatoo_Humerus_l_bone_073"", ""cockatoo_Scapula_bone_03""]","[0.8904690742492676, 0.10953095555305481]"
2171,-12.478613,4.0418854,16.953842,-0.24324584,0.26533538,-0.18469581,1.0,"[37, 38]","[""cockatoo_Metacarpus_r_bone_072"", ""cockatoo_Ulna_r_bone_071""]","[0.8500000238418579, 0.1499999612569809]"
2172,-13.431324,3.9837189,16.625847,-0.19677602,-0.06675184,0.086316645,1.0,"[37, 38]","[""cockatoo_Metacarpus_r_bone_072"", ""cockatoo_Ulna_r_bone_071""]","[0.8500000238418579, 0.1499999612569809]"
2173,-13.345018,3.8434067,16.935356,-0.037007928,-0.04949957,0.36829063,1.0,"[37, 38]","[""cockatoo_Metacarpus_r_bone_072"", ""cockatoo_Ulna_r_bone_071""]","[0.8500000238418579, 0.1499999612569809]"
2174,-12.388777,3.8832664,17.28524,-0.2291171,0.2785617,-0.18455139,1.0,"[37, 38]","[""cockatoo_Metacarpus_r_bone_072"", ""cockatoo_Ulna_r_bone_071""]","[0.8500000238418579, 0.1499999612569809]"
2180,-0.56907964,0.6288719,-3.2911816,-0.3872378,-0.5091504,0.61426836,0.5999999642372131,"[36, 46, 34]","[""cockatoo_Humerus_l_bone_073"", ""cockatoo_Scapula_bone_03"", ""cockatoo_Metacarpus_l_bone_075""]","[0.5399999618530273, 0.40000003576278687, 0.060000013560056686]"
2183,-10.059208,3.5547714,11.536121,0.035807878,-0.27039373,0.26345974,0.9999998807907104,"[37, 38, 39]","[""cockatoo_Metacarpus_r_bone_072"", ""cockatoo_Ulna_r_bone_071"", ""cockatoo_Humerus_r_bone_070""]","[0.7916666865348816, 0.12499989569187164, 0.0833333358168602]"
2184,-8.667862,3.7273674,8.618439,0.07973614,-0.26374358,0.2675466,1.0,"[37, 39, 38]","[""cockatoo_Metacarpus_r_bone_072"", ""cockatoo_Humerus_r_bone_070"", ""cockatoo_Ulna_r_bone_071""]","[0.7363636493682861, 0.16363638639450073, 0.09999999403953552]"
2190,3.3532772,4.5993958,0.017181396,0.16004452,0.40831345,-0.43167517,0.9776272773742676,"[39, 37, 38, 46]","[""cockatoo_Humerus_r_bone_070"", ""cockatoo_Metacarpus_r_bone_072"", ""cockatoo_Ulna_r_bone_071"", ""cockatoo_Scapula_bone_03""]","[0.660569965839386, 0.21302922070026398, 0.1040281355381012, 0.022372625768184662]"
2191,12.874425,1.0217094,-6.1194496,0.20254537,0.566198,-0.5264243,1.0,[39],"[""cockatoo_Humerus_r_bone_070""]",[1.0]
2192,7.6961994,5.721073,-8.896439,0.059967577,0.6102959,-0.47858417,0.9816951751708984,"[39, 37, 38, 46]","[""cockatoo_Humerus_r_bone_070"", ""cockatoo_Metacarpus_r_bone_072"", ""cockatoo_Ulna_r_bone_071"", ""cockatoo_Scapula_bone_03""]","[0.7797781229019165, 0.11735276877880096, 0.08456427603960037, 0.018304821103811264]"
2193,-3.7272034,5.3822556,2.337658,-0.1007399,0.53252906,-0.35497358,1.0,"[37, 39, 38]","[""cockatoo_Metacarpus_r_bone_072"", ""cockatoo_Humerus_r_bone_070"", ""cockatoo_Ulna_r_bone_071""]","[0.5115385055541992, 0.438461571931839, 0.05000000819563866]"
2202,0.65028954,1.829422,1.2736664,0.42995256,0.5812147,-0.41896233,0.43219172954559326,"[46, 39, 37, 38]","[""cockatoo_Scapula_bone_03"", ""cockatoo_Humerus_r_bone_070"", ""cockatoo_Metacarpus_r_bone_072"", ""cockatoo_Ulna_r_bone_071""]","[0.5678083300590515, 0.26608437299728394, 0.10796979069709778, 0.05813758075237274]"
2203,1.3299623,0.82948685,0.8014908,0.24303602,0.053922474,-0.1422593,0.3904123306274414,"[46, 39, 37, 38]","[""cockatoo_Scapula_bone_03"", ""cockatoo_Humerus_r_bone_070"", ""cockatoo_Metacarpus_r_bone_072"", ""cockatoo_Ulna_r_bone_071""]","[0.6095877289772034, 0.2876755893230438, 0.06677887588739395, 0.035957857966423035]"
2210,2.1128526,-1.5228348,-0.5577183,0.5602015,0.078540325,0.19963124,0.3711162507534027,"[46, 39, 38, 37]","[""cockatoo_Scapula_bone_03"", ""cockatoo_Humerus_r_bone_070"", ""cockatoo_Ulna_r_bone_071"", ""cockatoo_Metacarpus_r_bone_072""]","[0.6288837790489197, 0.1671680063009262, 0.1631585955619812, 0.04078962281346321]"
2213,-13.066502,4.0758553,-13.891466,-0.24190694,0.40624464,-0.4046844,1.0,"[34, 35]","[""cockatoo_Metacarpus_l_bone_075"", ""cockatoo_Ulna_l_bone_074""]","[0.8500000238418579, 0.1499999612569809]"
2216,-3.6370802,3.9960518,3.2668839,-0.090563476,-0.37175316,0.35750753,1.0,"[39, 37, 38]","[""cockatoo_Humerus_r_bone_070"", ""cockatoo_Metacarpus_r_bone_072"", ""cockatoo_Ulna_r_bone_071""]","[0.5, 0.3499999940395355, 0.15000000596046448]"
2235,5.996937,6.443489,-9.92791,-0.13231331,0.6031312,-0.35192922,1.0,"[39, 37, 38]","[""cockatoo_Humerus_r_bone_070"", ""cockatoo_Metacarpus_r_bone_072"", ""cockatoo_Ulna_r_bone_071""]","[0.7536410093307495, 0.1516292542219162, 0.0947297215461731]"
2236,7.1875076,5.999832,-10.010933,-0.059649646,0.6055491,-0.41393268,1.0,"[39, 37, 38]","[""cockatoo_Humerus_r_bone_070"", ""cockatoo_Metacarpus_r_bone_072"", ""cockatoo_Ulna_r_bone_071""]","[0.7947515249252319, 0.11975356191396713, 0.08549495041370392]"
2237,15.348207,2.0575638,-13.054119,0.020171106,0.7190641,-0.4630434,1.0,"[39, 38]","[""cockatoo_Humerus_r_bone_070"", ""cockatoo_Ulna_r_bone_071""]","[0.949999988079071, 0.05000000074505806]"
2238,14.563648,2.7194023,-13.771282,-0.032203257,0.6961847,-0.39856812,1.0,"[39, 38, 37]","[""cockatoo_Humerus_r_bone_070"", ""cockatoo_Ulna_r_bone_071"", ""cockatoo_Metacarpus_r_bone_072""]","[0.9209241271018982, 0.0566108413040638, 0.02246505208313465]"
2250,-0.3876772,0.8753433,-3.4470282,-0.46018952,0.104288965,0.025440156,0.5999999642372131,"[36, 46, 34]","[""cockatoo_Humerus_l_bone_073"", ""cockatoo_Scapula_bone_03"", ""cockatoo_Metacarpus_l_bone_075""]","[0.5684210062026978, 0.40000003576278687, 0.031578950583934784]"
2254,-0.22402334,1.759758,0.75691223,-0.048933238,0.5563557,0.045016825,0.43219172954559326,"[46, 39, 37, 38]","[""cockatoo_Scapula_bone_03"", ""cockatoo_Humerus_r_bone_070"", ""cockatoo_Metacarpus_r_bone_072"", ""cockatoo_Ulna_r_bone_071""]","[0.5678083300590515, 0.26608437299728394, 0.10796979069709778, 0.05813758075237274]"
2256,0.02454567,0.05299759,0.059001923,-0.013406813,0.034251004,-0.015016079,0.050000011920928955,"[45, 39]","[""cockatoo_Neck_bone_04"", ""cockatoo_Humerus_r_bone_070""]","[0.949999988079071, 0.050000011920928955]"
2264,1.3299623,0.82948685,0.8014908,0.31746402,0.4362532,-0.16023767,0.3904123306274414,"[46, 39, 37, 38]","[""cockatoo_Scapula_bone_03"", ""cockatoo_Humerus_r_bone_070"", ""cockatoo_Metacarpus_r_bone_072"", ""cockatoo_Ulna_r_bone_071""]","[0.6095877289772034, 0.2876755893230438, 0.06677887588739395, 0.035957857966423035]"
2266,0.07163334,-0.040145874,0.05908203,-0.0060579777,-0.009831831,0.0011651516,0.028175102546811104,"[46, 33, 39]","[""cockatoo_Scapula_bone_03"", ""cockatoo_Femur_R_bone_076"", ""cockatoo_Humerus_r_bone_070""]","[0.7299330234527588, 0.24189186096191406, 0.028175102546811104]"
2293,1.6199169,-0.72859573,-0.09456444,0.008261442,-0.021234334,0.23438583,0.21710249781608582,"[46, 39, 83, 43]","[""cockatoo_Scapula_bone_03"", ""cockatoo_Humerus_r_bone_070"", ""cockatoo_Ilium_bone_02"", ""cockatoo_Head_bone_06""]","[0.6973848938941956, 0.21710249781608582, 0.04275628551840782, 0.04275628551840782]"
2296,-0.37086844,0.8256836,3.2923431,-0.381719,0.043183893,0.00045877695,0.5999999642372131,"[39, 46, 37]","[""cockatoo_Humerus_r_bone_070"", ""cockatoo_Scapula_bone_03"", ""cockatoo_Metacarpus_r_bone_072""]","[0.5684210062026978, 0.40000003576278687, 0.031578950583934784]"
2313,-11.409646,5.2916565,8.355549,0.028095514,0.010216773,-0.014712065,1.0,"[37, 38]","[""cockatoo_Metacarpus_r_bone_072"", ""cockatoo_Ulna_r_bone_071""]","[0.949999988079071, 0.050000011920928955]"
2323,13.342531,-2.4792328,-11.374638,-0.116953254,0.59723866,-0.304326,1.0,"[39, 37, 38]","[""cockatoo_Humerus_r_bone_070"", ""cockatoo_Metacarpus_r_bone_072"", ""cockatoo_Ulna_r_bone_071""]","[0.809866726398468, 0.14149057865142822, 0.048642728477716446]"
2324,13.909859,-2.4170685,-11.880775,0.07084364,0.30710852,-0.36998338,1.0,"[39, 37, 38]","[""cockatoo_Humerus_r_bone_070"", ""cockatoo_Metacarpus_r_bone_072"", ""cockatoo_Ulna_r_bone_071""]","[0.827200174331665, 0.11760412156581879, 0.05519565939903259]"
2325,19.92149,-2.7495651,-7.0578384,0.08803278,0.7308826,-0.40270355,0.878351628780365,"[39, 46]","[""cockatoo_Humerus_r_bone_070"", ""cockatoo_Scapula_bone_03""]","[0.878351628780365, 0.1216483786702156]"
2326,18.791466,-1.8331871,-4.734661,0.2399165,0.5305834,-0.40338683,0.7497698664665222,"[39, 46]","[""cockatoo_Humerus_r_bone_070"", ""cockatoo_Scapula_bone_03""]","[0.7497698664665222, 0.2502301335334778]"
2327,19.009727,-1.9276276,-4.7735443,0.37869978,0.29533833,-0.49352807,0.7495394945144653,"[39, 46]","[""cockatoo_Humerus_r_bone_070"", ""cockatoo_Scapula_bone_03""]","[0.7495394945144653, 0.25046053528785706]"
2328,20.573847,-3.3124084,-7.070511,0.28425193,0.5728289,-0.5399482,0.894538164138794,"[39, 46]","[""cockatoo_Humerus_r_bone_070"", ""cockatoo_Scapula_bone_03""]","[0.894538164138794, 0.10546185821294785]"
2331,-10.789465,4.807808,8.097511,0.14794534,-0.0040941834,-0.3272497,1.0,"[37, 38]","[""cockatoo_Metacarpus_r_bone_072"", ""cockatoo_Ulna_r_bone_071""]","[0.949999988079071, 0.050000011920928955]"
2332,-11.948961,4.0878754,19.306374,0.411555,0.66121155,-0.14201708,1.0,"[37, 38]","[""cockatoo_Metacarpus_r_bone_072"", ""cockatoo_Ulna_r_bone_071""]","[0.7999985814094543, 0.20000143349170685]"
2335,-10.075093,3.3584442,13.674919,0.035510898,-0.29670215,0.2585368,1.0,"[37, 38]","[""cockatoo_Metacarpus_r_bone_072"", ""cockatoo_Ulna_r_bone_071""]","[0.8500000238418579, 0.1499999612569809]"
2336,-11.559542,4.1796227,13.46949,-0.11781186,-0.1655696,0.273586,1.0,"[37, 38]","[""cockatoo_Metacarpus_r_bone_072"", ""cockatoo_Ulna_r_bone_071""]","[0.8500000238418579, 0.1499999612569809]"
2337,-10.587246,4.1840134,5.117275,-0.01343888,-0.2003566,0.1872508,1.0,[37],"[""cockatoo_Metacarpus_r_bone_072""]",[1.0]
2338,13.774916,-2.5839615,-11.621803,1.5819459,-0.57666934,0.46844953,1.0,"[39, 37, 38]","[""cockatoo_Humerus_r_bone_070"", ""cockatoo_Metacarpus_r_bone_072"", ""cockatoo_Ulna_r_bone_071""]","[0.8187749981880188, 0.12108874320983887, 0.06013624370098114]"
2353,8.241541,3.1749306,-11.7224045,-0.12623203,-0.5168707,0.507473,1.0,"[39, 37, 38]","[""cockatoo_Humerus_r_bone_070"", ""cockatoo_Metacarpus_r_bone_072"", ""cockatoo_Ulna_r_bone_071""]","[0.8046643733978271, 0.15269193053245544, 0.04264369606971741]"
2409,-11.359339,10.149952,17.143257,-0.3709381,0.20357478,-0.19235815,1.0,"[37, 38, 39]","[""cockatoo_Metacarpus_r_bone_072"", ""cockatoo_Ulna_r_bone_071"", ""cockatoo_Humerus_r_bone_070""]","[0.6749999523162842, 0.22499999403953552, 0.10000000149011612]"
2410,0.89040947,1.1092911,-0.65672684,0.0055176616,-0.13684946,-0.43852463,0.45554444193840027,"[46, 39, 38, 37]","[""cockatoo_Scapula_bone_03"", ""cockatoo_Humerus_r_bone_070"", ""cockatoo_Ulna_r_bone_071"", ""cockatoo_Metacarpus_r_bone_072""]","[0.5444555878639221, 0.321421355009079, 0.07376769930124283, 0.060355402529239655]"
2411,3.8881302,4.4404182,-0.4493866,0.17176726,-0.65354854,-0.88474154,0.7135369777679443,"[39, 46, 38, 37]","[""cockatoo_Humerus_r_bone_070"", ""cockatoo_Scapula_bone_03"", ""cockatoo_Ulna_r_bone_071"", ""cockatoo_Metacarpus_r_bone_072""]","[0.3211438059806824, 0.2864629924297333, 0.21581625938415527, 0.17657694220542908]"
2412,1.4555659,-0.06522751,0.09289551,-0.16100335,-0.5678173,0.035179496,0.3611665964126587,"[46, 39, 37, 38]","[""cockatoo_Scapula_bone_03"", ""cockatoo_Humerus_r_bone_070"", ""cockatoo_Metacarpus_r_bone_072"", ""cockatoo_Ulna_r_bone_071""]","[0.6388334631919861, 0.32346147298812866, 0.02450832538306713, 0.013196797110140324]"
2413,0.021285057,1.8414955,-0.48868942,-0.13672087,-0.23838109,-1.0513843,0.4912244975566864,"[46, 39, 37, 38]","[""cockatoo_Scapula_bone_03"", ""cockatoo_Humerus_r_bone_070"", ""cockatoo_Metacarpus_r_bone_072"", ""cockatoo_Ulna_r_bone_071""]","[0.508775532245636, 0.2425556182861328, 0.14148400723934174, 0.10718486458063126]"
2522,0.3844962,1.4327965,-0.26248932,-0.14878517,0.38559216,0.28074038,0.4369862675666809,"[46, 39, 38, 37]","[""cockatoo_Scapula_bone_03"", ""cockatoo_Humerus_r_bone_070"", ""cockatoo_Ulna_r_bone_071"", ""cockatoo_Metacarpus_r_bone_072""]","[0.5630137920379639, 0.3083271384239197, 0.070762500166893, 0.05789661407470703]"
2523,-0.22402334,1.759758,0.75691223,-0.06551067,0.6234317,-0.0463109,0.43219172954559326,"[46, 39, 37, 38]","[""cockatoo_Scapula_bone_03"", ""cockatoo_Humerus_r_bone_070"", ""cockatoo_Metacarpus_r_bone_072"", ""cockatoo_Ulna_r_bone_071""]","[0.5678083300590515, 0.26608437299728394, 0.10796979069709778, 0.05813758075237274]"
2524,-0.5093944,0.7861748,3.2591476,-0.347702,-0.52823377,-0.7084806,0.5999999642372131,"[39, 46, 37]","[""cockatoo_Humerus_r_bone_070"", ""cockatoo_Scapula_bone_03"", ""cockatoo_Metacarpus_r_bone_072""]","[0.5399999618530273, 0.40000003576278687, 0.060000013560056686]"
2525,-0.37086844,0.8256836,3.2923431,-0.38638467,0.048138946,-0.00017106533,0.5999999642372131,"[39, 46, 37]","[""cockatoo_Humerus_r_bone_070"", ""cockatoo_Scapula_bone_03"", ""cockatoo_Metacarpus_r_bone_072""]","[0.5684210062026978, 0.40000003576278687, 0.031578950583934784]"
2526,-12.169769,3.6745872,17.633492,-0.22071794,0.3004403,-0.20838231,1.0,"[37, 38]","[""cockatoo_Metacarpus_r_bone_072"", ""cockatoo_Ulna_r_bone_071""]","[0.8500000238418579, 0.1499999612569809]"
2527,-13.155623,3.6637459,17.245064,-0.13387725,-0.10257596,0.22941096,1.0,"[37, 38]","[""cockatoo_Metacarpus_r_bone_072"", ""cockatoo_Ulna_r_bone_071""]","[0.8500000238418579, 0.1499999612569809]"
2528,0.81189823,9.916847,-24.978006,0.06423378,1.2985148,1.1577088,1.0,"[38, 37]","[""cockatoo_Ulna_r_bone_071"", ""cockatoo_Metacarpus_r_bone_072""]","[0.7500000596046448, 0.24999994039535522]"
2529,-5.52252,4.0695496,3.6115837,0.03315398,0.3314439,-0.23416388,1.0,"[39, 37]","[""cockatoo_Humerus_r_bone_070"", ""cockatoo_Metacarpus_r_bone_072""]","[0.5882352590560913, 0.4117647707462311]"
2530,-10.549581,3.8037148,14.547768,-0.096564144,0.32234168,-0.24144685,0.9999998807907104,"[37, 38, 39]","[""cockatoo_Metacarpus_r_bone_072"", ""cockatoo_Ulna_r_bone_071"", ""cockatoo_Humerus_r_bone_070""]","[0.7916666865348816, 0.12499989569187164, 0.0833333358168602]"
2531,-9.342783,4.126255,11.374825,-0.15570715,0.39177635,-0.25839937,1.0,"[37, 39, 38]","[""cockatoo_Metacarpus_r_bone_072"", ""cockatoo_Humerus_r_bone_070"", ""cockatoo_Ulna_r_bone_071""]","[0.7363636493682861, 0.16363638639450073, 0.09999999403953552]"
2533,-9.5192995,4.4137,6.8992615,-0.42019916,-0.09349647,0.339754,1.0,"[37, 39, 38]","[""cockatoo_Metacarpus_r_bone_072"", ""cockatoo_Humerus_r_bone_070"", ""cockatoo_Ulna_r_bone_071""]","[0.5, 0.38461539149284363, 0.11538463085889816]"
2534,-11.437262,3.5278778,14.623405,-0.12690413,-0.17704508,0.27115723,1.0,"[37, 38]","[""cockatoo_Metacarpus_r_bone_072"", ""cockatoo_Ulna_r_bone_071""]","[0.8500000238418579, 0.1499999612569809]"
2535,-12.606013,3.9325676,15.607025,-0.34364843,0.36858574,0.5532667,1.0,"[37, 38]","[""cockatoo_Metacarpus_r_bone_072"", ""cockatoo_Ulna_r_bone_071""]","[0.8500000238418579, 0.1499999612569809]"
2536,-10.79196,4.0629883,14.12989,-0.1125949,0.31002316,-0.2006368,0.9999998807907104,"[37, 38, 39]","[""cockatoo_Metacarpus_r_bone_072"", ""cockatoo_Ulna_r_bone_071"", ""cockatoo_Humerus_r_bone_070""]","[0.7916666865348816, 0.12499989569187164, 0.0833333358168602]"
2537,-11.61002,3.5381851,17.514862,-0.10086995,0.2986405,-0.19762692,1.0,"[37, 38]","[""cockatoo_Metacarpus_r_bone_072"", ""cockatoo_Ulna_r_bone_071""]","[0.8500000238418579, 0.1499999612569809]"
2538,-9.094247,3.55439,10.279285,0.10293466,-0.3731765,0.29806226,0.9999998807907104,"[37, 38, 39]","[""cockatoo_Metacarpus_r_bone_072"", ""cockatoo_Ulna_r_bone_071"", ""cockatoo_Humerus_r_bone_070""]","[0.7916666865348816, 0.12499989569187164, 0.0833333358168602]"
2539,-8.875403,3.0734024,11.076702,0.09876582,-0.3347401,0.30324048,0.9999998807907104,"[37, 38, 39]","[""cockatoo_Metacarpus_r_bone_072"", ""cockatoo_Ulna_r_bone_071"", ""cockatoo_Humerus_r_bone_070""]","[0.7916666865348816, 0.12499989569187164, 0.0833333358168602]"
2540,-9.988804,2.892002,14.320892,0.042811215,-0.30653077,0.26876074,1.0,"[37, 38]","[""cockatoo_Metacarpus_r_bone_072"", ""cockatoo_Ulna_r_bone_071""]","[0.8500000238418579, 0.1499999612569809]"
2541,-11.529941,3.8709679,14.105652,-0.12724328,-0.19945022,0.28168985,1.0,"[37, 38]","[""cockatoo_Metacarpus_r_bone_072"", ""cockatoo_Ulna_r_bone_071""]","[0.8500000238418579, 0.1499999612569809]"
2542,-12.86293,4.346466,14.754463,-0.24538612,0.39217925,0.4130704,1.0,"[37, 38]","[""cockatoo_Metacarpus_r_bone_072"", ""cockatoo_Ulna_r_bone_071""]","[0.8500000238418579, 0.1499999612569809]"
2543,-12.7725115,4.165531,15.239441,-0.2901984,0.3303342,0.4960214,1.0,"[37, 38]","[""cockatoo_Metacarpus_r_bone_072"", ""cockatoo_Ulna_r_bone_071""]","[0.8500000238418579, 0.1499999612569809]"
2544,19.952076,-4.7467003,-8.414257,-0.27235487,-0.71977943,0.59036195,1.0,[39],"[""cockatoo_Humerus_r_bone_070""]",[1.0]
2545,-12.068865,3.9217224,8.300137,-0.37739843,-0.05014187,0.5260184,1.0,[37],"[""cockatoo_Metacarpus_r_bone_072""]",[1.0]
2546,-11.661821,4.34853,6.296406,-0.305335,0.6226814,0.317938,1.0,[37],"[""cockatoo_Metacarpus_r_bone_072""]",[1.0]
2548,-13.468388,9.950718,19.146309,0.3445006,0.69734144,0.05262226,1.0,"[37, 38, 39]","[""cockatoo_Metacarpus_r_bone_072"", ""cockatoo_Ulna_r_bone_071"", ""cockatoo_Humerus_r_bone_070""]","[0.6749999523162842, 0.22499999403953552, 0.10000000149011612]"
2549,1.8750095,-0.7313118,0.0107803345,-0.028378785,-0.07378286,-0.0848093,0.24058257043361664,"[46, 39, 83, 37]","[""cockatoo_Scapula_bone_03"", ""cockatoo_Humerus_r_bone_070"", ""cockatoo_Ilium_bone_02"", ""cockatoo_Metacarpus_r_bone_072""]","[0.7255986332893372, 0.20676375925540924, 0.033818814903497696, 0.033818814903497696]"
2550,-13.094511,10.072384,19.304062,-0.54861575,0.25435644,-0.051363654,1.0,"[37, 38, 39]","[""cockatoo_Metacarpus_r_bone_072"", ""cockatoo_Ulna_r_bone_071"", ""cockatoo_Humerus_r_bone_070""]","[0.6749999523162842, 0.22499999403953552, 0.10000000149011612]"
2551,21.25101,-5.260029,-8.963463,-0.14248714,-0.8846894,0.43696216,0.8679054379463196,"[39, 46]","[""cockatoo_Humerus_r_bone_070"", ""cockatoo_Scapula_bone_03""]","[0.8679054379463196, 0.13209456205368042]"
2552,19.773891,-4.7433434,-5.063156,-0.2180996,-0.5565155,0.4113015,0.7497318387031555,"[39, 46]","[""cockatoo_Humerus_r_bone_070"", ""cockatoo_Scapula_bone_03""]","[0.7497318387031555, 0.25026819109916687]"
2553,18.37108,-1.3090057,-10.075188,0.17235613,0.7444771,-0.49399588,0.8904690742492676,"[39, 46]","[""cockatoo_Humerus_r_bone_070"", ""cockatoo_Scapula_bone_03""]","[0.8904690742492676, 0.10953095555305481]"
2554,1.4555659,-0.06522751,0.09289551,0.07727802,-0.062173426,0.07084346,0.3611665964126587,"[46, 39, 37, 38]","[""cockatoo_Scapula_bone_03"", ""cockatoo_Humerus_r_bone_070"", ""cockatoo_Metacarpus_r_bone_072"", ""cockatoo_Ulna_r_bone_071""]","[0.6388334631919861, 0.32346147298812866, 0.02450832538306713, 0.013196797110140324]"
2555,17.84146,-0.93519974,-7.1678123,0.1116696,0.61550605,-0.4571871,0.9374998807907104,"[39, 46, 83, 50]","[""cockatoo_Humerus_r_bone_070"", ""cockatoo_Scapula_bone_03"", ""cockatoo_Ilium_bone_02"", ""cockatoo_FeatherTail_r_2_bone_0108""]","[0.9374998807907104, 0.020833346992731094, 0.020833346992731094, 0.020833346992731094]"
2557,16.104822,1.5216484,-11.844517,0.049448013,0.7552543,-0.48023662,1.0,"[39, 38]","[""cockatoo_Humerus_r_bone_070"", ""cockatoo_Ulna_r_bone_071""]","[0.949999988079071, 0.05000000447034836]"
2558,8.112791,3.8940315,-10.648533,-0.16182262,0.74391073,-0.2005285,1.0,"[39, 37, 38]","[""cockatoo_Humerus_r_bone_070"", ""cockatoo_Metacarpus_r_bone_072"", ""cockatoo_Ulna_r_bone_071""]","[0.7302215695381165, 0.20328958332538605, 0.0664888471364975]"
2559,15.762499,-2.9298515,-3.240921,-0.6994202,-0.73880506,0.24916893,0.7013434767723083,"[39, 46]","[""cockatoo_Humerus_r_bone_070"", ""cockatoo_Scapula_bone_03""]","[0.7013434767723083, 0.29865649342536926]"
2562,1.6199169,-0.72859573,-0.09456444,-0.026760668,-0.011638224,0.266298,0.21710249781608582,"[46, 39, 83, 43]","[""cockatoo_Scapula_bone_03"", ""cockatoo_Humerus_r_bone_070"", ""cockatoo_Ilium_bone_02"", ""cockatoo_Head_bone_06""]","[0.6973848938941956, 0.21710249781608582, 0.04275628551840782, 0.04275628551840782]"
2566,-13.468388,9.950718,19.146309,-1.0942979,-0.11837071,-0.25053915,1.0,"[37, 38, 39]","[""cockatoo_Metacarpus_r_bone_072"", ""cockatoo_Ulna_r_bone_071"", ""cockatoo_Humerus_r_bone_070""]","[0.6749999523162842, 0.22499999403953552, 0.10000000149011612]"
2569,18.991428,-2.105236,-4.905178,0.30457032,-0.45565304,-0.7565681,0.7494406700134277,"[39, 46]","[""cockatoo_Humerus_r_bone_070"", ""cockatoo_Scapula_bone_03""]","[0.7494406700134277, 0.25055932998657227]"
2570,21.051292,-4.135227,-7.224949,0.16717821,-0.22789153,-0.8920451,0.9171478152275085,"[39, 46]","[""cockatoo_Humerus_r_bone_070"", ""cockatoo_Scapula_bone_03""]","[0.9171478152275085, 0.08285219222307205]"
2571,19.327374,-2.9629784,-14.627327,-0.067934036,-0.34280324,-0.3782813,1.0,"[39, 38]","[""cockatoo_Humerus_r_bone_070"", ""cockatoo_Ulna_r_bone_071""]","[0.9837916493415833, 0.016208380460739136]"
2572,13.774916,-2.5839615,-11.621803,-0.0968529,-0.5249481,-0.59509045,1.0,"[39, 37, 38]","[""cockatoo_Humerus_r_bone_070"", ""cockatoo_Metacarpus_r_bone_072"", ""cockatoo_Ulna_r_bone_071""]","[0.8187749981880188, 0.12108874320983887, 0.06013624370098114]"
2573,-11.644743,10.063545,17.00695,-1.0249965,-0.12616885,-0.5109236,1.0,"[37, 38, 39]","[""cockatoo_Metacarpus_r_bone_072"", ""cockatoo_Ulna_r_bone_071"", ""cockatoo_Humerus_r_bone_070""]","[0.6749999523162842, 0.22499999403953552, 0.10000000149011612]"
2574,1.5694513,0.57061386,0.5844593,0.27742207,0.106781006,-0.18562144,0.3871959447860718,"[46, 39, 37, 38]","[""cockatoo_Scapula_bone_03"", ""cockatoo_Humerus_r_bone_070"", ""cockatoo_Metacarpus_r_bone_072"", ""cockatoo_Ulna_r_bone_071""]","[0.6128039956092834, 0.285573273897171, 0.06605473905801773, 0.03556794300675392]"
2596,21.064085,-3.9679642,7.146599,0.17281514,-0.25601465,0.90725136,0.9171478152275085,"[36, 46]","[""cockatoo_Humerus_l_bone_073"", ""cockatoo_Scapula_bone_03""]","[0.9171478152275085, 0.08285219222307205]"
